Workbook

Sheet 3.52
B3: Введіть дату | C3: =TODAY() -> 46229
B4: Число цієї дати: | C4: =DAY(C3) -> 26
B5: Місяць у цій даті: | C5: =MONTH(C3) -> 7
B6: Рік у цій даті: | C6: =YEAR(C3) -> 2026

Sheet 3.54
A3: Дата кінця | B3: =DATE(2023,9,17) -> 45186 | C3: =TODAY() -> 46229
A4: Дата Початку | B4: =DATE(2012,5,17) -> 41046 | C4: =DATE(2012,5,17) -> 41046
A5: Кількість років | B5: =DATEDIF(B4,B3,"y") -> 11 | C5: =DATEDIF(C4,C3,"y") -> 14 | D5: =DAYS(C3,C4) -> 5183 | E5: =DATEDIF(B4,B3,"yd") -> 123
A6: Кількість місяців | B6: =DATEDIF(B4,B3, "ym") -> 4 | C6: =DATEDIF(C4,C3, "ym") -> 2
A7: Кількість днів | B7: =DATEDIF(B4,B3, "md") -> 0 | C7: =DATEDIF(C4,C3, "md") -> 9
B8: =concatenate("Різниця між датами це " ,B5, " років ",B6," місяців та ",B7," днів") -> Різниця між датами це 11 років 4 місяців та 0 днів | C8: =concatenate("Різниця між датами це " ,C5, " років ",C6," місяців та ",C7," днів") -> Різниця між датами це 14 років 2 місяців та 9 днів

Sheet 3.60
A1: Дата сьогодення: | B1: =TODAY() -> 46229 | C1: =TEXT(WEEKDAY(B1),"ddddd") -> неділя | D1: =EDATE(B1,4) -> 46352
A2: Кількість днів до сьогоднішнього: | B2: =B1-5 -> 46224
A3: Шуканий номер дня: | B3: =TEXT(WEEKDAY(B2),"ddddd") -> вівторок

Sheet 3.62
A1: Сьогоднішня дата | B1: =TODAY() -> 46229
A2: Мій вік | B2: =DATE(2004,12,23) -> 38344
A3: Кількість днів | B3: =DATEDIF($B$2,$B$1,"D") -> 7885
A4: Кількість місяців | B4: =DATEDIF($B$2,$B$1,"m") -> 259
A5: Кількість тижднів | B5: =DATEDIF($B$2,$B$1,"M")*4 -> 1036

Sheet 3.74
A1: 1 час | B1: =TIME(11,40,59) -> 0.48679398
A2: 2 час | B2: =TIME(13,14,2) -> 0.55141204
A3: Їх різниця | B3: =B2-B1 -> 0.064618056
A4: Їх різниця в секундах | B4: =HOUR(B3)*360+MINUTE(B3)*60+SECOND(B3) -> 2343

Sheet 3.97
A1: No уроку | B1: Початок уроку | C1: Кінець уроку | D1: Перерва
A2: 1 | B2: 0.35416667 | C2: 0.38541667
D3: 0.010416667
A4: 2 | B4: 0.38888889 | C4: 0.42013889
D5: 0.010416667
A6: 3 | B6: 0.43055556 | C6: 0.46180556
D7: 0.010416667
A8: 4 | B8: 0.47222222 | C8: 0.50347222
D9: 0.013888889
A10: 5 | B10: 0.51736111 | C10: 0.54861111
D11: 0.0069444444
A12: 6 | B12: 0.55555556 | C12: 0.58680556
D13: 0.010416667
A14: 7 | B14: 0.59722222 | C14: 0.62847222
D15: 0.0069444444
A16: 8 | B16: 0.63541667 | C16: 0.66666667
A18: Тривалість уроку: | B18: =C2-B2 -> 0.03125 | C18: хвилин

Sheet 1 text
A1: Фамилия | B1: Имя | C1: Отчество | E1: ПІБ | F1: Прізвище та ініціали
A2: Епифанов | B2: Иван | C2: Алексеевич | E2: =A2&" "&B2&" "&C2 -> Епифанов Иван Алексеевич | F2: =A2&" "&left(B2)&"."&LEFT(C2) -> Епифанов И.А
A3: Балочкин | B3: Игорь | C3: Вадимович | E3: =A3&" "&B3&" "&C3 -> Балочкин Игорь Вадимович | F3: =A3&" "&left(B3)&"."&LEFT(C3) -> Балочкин И.В
A4: Кувшинов | B4: Виктор | C4: Евгеньевич | E4: =A4&" "&B4&" "&C4 -> Кувшинов Виктор Евгеньевич | F4: =A4&" "&left(B4)&"."&LEFT(C4) -> Кувшинов В.Е
A5: Бобошко | B5: Максим | C5: Михайлович | E5: =A5&" "&B5&" "&C5 -> Бобошко Максим Михайлович | F5: =A5&" "&left(B5)&"."&LEFT(C5) -> Бобошко М.М
A6: Павлюкова | B6: Елизавета | C6: Владимировна | E6: =A6&" "&B6&" "&C6 -> Павлюкова Елизавета Владимировна | F6: =A6&" "&left(B6)&"."&LEFT(C6) -> Павлюкова Е.В
A7: Гаврилюк | B7: Юрий | C7: Валентинович | E7: =A7&" "&B7&" "&C7 -> Гаврилюк Юрий Валентинович | F7: =A7&" "&left(B7)&"."&LEFT(C7) -> Гаврилюк Ю.В
A8: Изотова | B8: Ирина | C8: Александровна | E8: =A8&" "&B8&" "&C8 -> Изотова Ирина Александровна | F8: =A8&" "&left(B8)&"."&LEFT(C8) -> Изотова И.А
A9: Сторожев | B9: Олег | C9: Игоревич | E9: =A9&" "&B9&" "&C9 -> Сторожев Олег Игоревич | F9: =A9&" "&left(B9)&"."&LEFT(C9) -> Сторожев О.И
A10: Спивак | B10: Максим | C10: Игоревич | E10: =A10&" "&B10&" "&C10 -> Спивак Максим Игоревич | F10: =A10&" "&left(B10)&"."&LEFT(C10) -> Спивак М.И
A11: Спивак | B11: Максим | C11: Игоревич | E11: =A11&" "&B11&" "&C11 -> Спивак Максим Игоревич | F11: =A11&" "&left(B11)&"."&LEFT(C11) -> Спивак М.И
A12: Епифанов | B12: Иван | C12: Алексеевич | E12: =A12&" "&B12&" "&C12 -> Епифанов Иван Алексеевич | F12: =A12&" "&left(B12)&"."&LEFT(C12) -> Епифанов И.А
A13: Дуганов | B13: Костя | C13: Вячеславович | E13: =A13&" "&B13&" "&C13 -> Дуганов Костя Вячеславович | F13: =A13&" "&left(B13)&"."&LEFT(C13) -> Дуганов К.В
... A104: Климко | B104: Анастасия | C104: Юрьевна | E104: =A104&" "&B104&" "&C104 -> Климко Анастасия Юрьевна | F104: =A104&" "&left(B104)&"."&LEFT(C104) -> Климко А.Ю
A105: Исаков | B105: Богдан | E105: =A105&" "&B105&" "&C105 -> Исаков Богдан | F105: =A105&" "&left(B105)&"."&LEFT(C105) -> Исаков Б.

Sheet 2 text
A1: Телефон | B1: Телефон без зайвих символів
A2: 509756324 | B2: =right(A2,9) -> 509756324 | C2: =right(A2,7) -> 9756324 | D2: 509756324 | E2: 9756324
A3: 972175876 | B3: =right(A3,9) -> 972175876 | C3: =right(A3,7) -> 2175876 | D3: 972175876 | E3: 2175876 | I3: не понимаю что ме делать с форматами и как мне их вітсавить
A4: 974847540 | B4: =right(A4,9) -> 974847540 | C4: =right(A4,7) -> 4847540 | D4: 974847540 | E4: 4847540
A5: 677235957 | B5: =right(A5,9) -> 677235957 | C5: =right(A5,7) -> 7235957 | D5: 677235957 | E5: 7235957
A6: +380679221389 | B6: =right(A6,9) -> 679221389 | C6: =right(A6,7) -> 9221389 | D6: 679221389 | E6: 9221389
A7: +380685008696 | B7: =right(A7,9) -> 685008696 | C7: =right(A7,7) -> 5008696 | D7: 685008696 | E7: 5008696
A8: +380668805222 | B8: =right(A8,9) -> 668805222 | C8: =right(A8,7) -> 8805222 | D8: 668805222 | E8: 8805222
A9: +380637352238 | B9: =right(A9,9) -> 637352238 | C9: =right(A9,7) -> 7352238 | D9: 637352238 | E9: 7352238
A10: 673961683 | B10: =right(A10,9) -> 673961683 | C10: =right(A10,7) -> 3961683 | D10: 673961683 | E10: 3961683
A11: +380674177621 | B11: =right(A11,9) -> 674177621 | C11: =right(A11,7) -> 4177621 | D11: 674177621 | E11: 4177621
A12: +380990181270 | B12: =right(A12,9) -> 990181270 | C12: =right(A12,7) -> 0181270 | D12: 990181270 | E12: 181270
A13: +380980424742 | B13: =right(A13,9) -> 980424742 | C13: =right(A13,7) -> 0424742 | D13: 980424742 | E13: 424742
A14: 683898299 | B14: =right(A14,9) -> 683898299 | C14: =right(A14,7) -> 3898299 | D14: 683898299 | E14: 3898299
A15: 982204010 | B15: =right(A15,9) -> 982204010 | C15: =right(A15,7) -> 2204010 | D15: 982204010 | E15: 2204010
A16: 380969205729 | B16: =right(A16,9) -> 969205729 | C16: =right(A16,7) -> 9205729 | D16: 969205729 | E16: 9205729
A17: 960790437 | B17: =right(A17,9) -> 960790437 | C17: =right(A17,7) -> 0790437 | D17: 960790437 | E17: 790437
A18: 667437733 | B18: =right(A18,9) -> 667437733 | C18: =right(A18,7) -> 7437733 | D18: 667437733 | E18: 7437733
A19: 982141839 | B19: =right(A19,9) -> 982141839 | C19: =right(A19,7) -> 2141839 | D19: 982141839 | E19: 2141839
A20: 972168316 | B20: =right(A20,9) -> 972168316 | C20: =right(A20,7) -> 2168316 | D20: 972168316 | E20: 2168316
A21: 997718190 | B21: =right(A21,9) -> 997718190 | C21: =right(A21,7) -> 7718190 | D21: 997718190 | E21: 7718190
A22: 050-495-15-85 | B22: =right(A22,9) -> 495-15-85 | C22: =right(A22,7) -> 5-15-85 | D22: 495-15-85 | E22: 5-15-85
A23: 6678553582 | B23: =right(A23,9) -> 678553582 | C23: =right(A23,7) -> 8553582 | D23: 678553582 | E23: 8553582
A24: 963579004 | B24: =right(A24,9) -> 963579004 | C24: =right(A24,7) -> 3579004 | D24: 963579004 | E24: 3579004
A25: +380988690452 | B25: =right(A25,9) -> 988690452 | C25: =right(A25,7) -> 8690452 | D25: 988690452 | E25: 8690452
A26: +380666347028 | B26: =right(A26,9) -> 666347028 | C26: =right(A26,7) -> 6347028 | D26: 666347028 | E26: 6347028
A27: 949323072 | B27: =right(A27,9) -> 949323072 | C27: =right(A27,7) -> 9323072 | D27: 949323072 | E27: 9323072
A28: 380972929706 | B28: =right(A28,9) -> 972929706 | C28: =right(A28,7) -> 2929706 | D28: 972929706 | E28: 2929706
A29: 067-723-06-87 | B29: =right(A29,9) -> 723-06-87 | C29: =right(A29,7) -> 3-06-87 | D29: 723-06-87 | E29: 31931
A30: 380984989647 | B30: =right(A30,9) -> 984989647 | C30: =right(A30,7) -> 4989647 | D30: 984989647 | E30: 4989647
A31: 631361567 | B31: =right(A31,9) -> 631361567 | C31: =right(A31,7) -> 1361567 | D31: 631361567 | E31: 1361567
A32: 679209211 | B32: =right(A32,9) -> 679209211 | C32: =right(A32,7) -> 9209211 | D32: 679209211 | E32: 9209211
A33: 674880197 | B33: =right(A33,9) -> 674880197 | C33: =right(A33,7) -> 4880197 | D33: 674880197 | E33: 4880197
A34: 505130125 | B34: =right(A34,9) -> 505130125 | C34: =right(A34,7) -> 5130125 | D34: 505130125 | E34: 5130125
A35: 509792811 | B35: =right(A35,9) -> 509792811 | C35: =right(A35,7) -> 9792811 | D35: 509792811 | E35: 9792811
A36: +380674861520 | B36: =right(A36,9) -> 674861520 | C36: =right(A36,7) -> 4861520 | D36: 674861520 | E36: 4861520
A37: 666187270 | B37: =right(A37,9) -> 666187270 | C37: =right(A37,7) -> 6187270 | D37: 666187270 | E37: 6187270
A38: +380681228716 | B38: =right(A38,9) -> 681228716 | C38: =right(A38,7) -> 1228716 | D38: 681228716 | E38: 1228716
A39: +380949494201 | B39: =right(A39,9) -> 949494201 | C39: =right(A39,7) -> 9494201 | D39: 949494201 | E39: 9494201
A40: 671180518 | B40: =right(A40,9) -> 671180518 | C40: =right(A40,7) -> 1180518 | D40: 671180518 | E40: 1180518
A41: 507164943 | B41: =right(A41,9) -> 507164943 | C41: =right(A41,7) -> 7164943 | D41: 507164943 | E41: 7164943
A42: 674858966 | B42: =right(A42,9) -> 674858966 | C42: =right(A42,7) -> 4858966 | D42: 674858966 | E42: 4858966
A43: +380667375097 | B43: =right(A43,9) -> 667375097 | C43: =right(A43,7) -> 7375097 | D43: 667375097 | E43: 7375097
A44: 509763553 | B44: =right(A44,9) -> 509763553 | C44: =right(A44,7) -> 9763553 | D44: 509763553 | E44: 9763553
A45: +(380)93-72-32-702 | B45: =right(A45,9) -> 72-32-702 | C45: =right(A45,7) -> -32-702 | D45: 72-32-702 | E45: -32-702
A46: 980865611 | B46: =right(A46,9) -> 980865611 | C46: =right(A46,7) -> 0865611 | D46: 980865611 | E46: 865611
A47: 050-561-13-05 | B47: =right(A47,9) -> 561-13-05 | C47: =right(A47,7) -> 1-13-05 | D47: 561-13-05 | E47: 1-13-05
A48: +380979756732 | B48: =right(A48,9) -> 979756732 | C48: =right(A48,7) -> 9756732 | D48: 979756732 | E48: 9756732
A49: 949964190 | B49: =right(A49,9) -> 949964190 | C49: =right(A49,7) -> 9964190 | D49: 949964190 | E49: 9964190
A50: 678800416 | B50: =right(A50,9) -> 678800416 | C50: =right(A50,7) -> 8800416 | D50: 678800416 | E50: 8800416
A51: 503956665 | B51: =right(A51,9) -> 503956665 | C51: =right(A51,7) -> 3956665 | D51: 503956665 | E51: 3956665
A52: +380674894869 | B52: =right(A52,9) -> 674894869 | C52: =right(A52,7) -> 4894869 | D52: 674894869 | E52: 4894869
A53: 050-648-2-648 | B53: =right(A53,9) -> 648-2-648 | C53: =right(A53,7) -> 8-2-648 | D53: 648-2-648 | E53: -457244
A54: 631835410 | B54: =right(A54,9) -> 631835410 | C54: =right(A54,7) -> 1835410 | D54: 631835410 | E54: 1835410
A55: 949480565 | B55: =right(A55,9) -> 949480565 | C55: =right(A55,7) -> 9480565 | D55: 949480565 | E55: 9480565
A56: 380680473797 | B56: =right(A56,9) -> 680473797 | C56: =right(A56,7) -> 0473797 | D56: 680473797 | E56: 473797
A57: 672691606 | B57: =right(A57,9) -> 672691606 | C57: =right(A57,7) -> 2691606 | D57: 672691606 | E57: 2691606
A58: 967884919 | B58: =right(A58,9) -> 967884919 | C58: =right(A58,7) -> 7884919 | D58: 967884919 | E58: 7884919
A59: 967265893 | B59: =right(A59,9) -> 967265893 | C59: =right(A59,7) -> 7265893 | D59: 967265893 | E59: 7265893
A60: 050-360-37-97 | B60: =right(A60,9) -> 360-37-97 | C60: =right(A60,7) -> 0-37-97 | D60: 360-37-97 | E60: 0-37-97
A61: 937741071 | B61: =right(A61,9) -> 937741071 | C61: =right(A61,7) -> 7741071 | D61: 937741071 | E61: 7741071
A62: 674862743 | B62: =right(A62,9) -> 674862743 | C62: =right(A62,7) -> 4862743 | D62: 674862743 | E62: 4862743
A63: 972839081 | B63: =right(A63,9) -> 972839081 | C63: =right(A63,7) -> 2839081 | D63: 972839081 | E63: 2839081
A64: 674810370 | B64: =right(A64,9) -> 674810370 | C64: =right(A64,7) -> 4810370 | D64: 674810370 | E64: 4810370
A65: 631228090 | B65: =right(A65,9) -> 631228090 | C65: =right(A65,7) -> 1228090 | D65: 631228090 | E65: 1228090
A66: +380631228090 | B66: =right(A66,9) -> 631228090 | C66: =right(A66,7) -> 1228090 | D66: 631228090 | E66: 1228090
A67: 969131074 | B67: =right(A67,9) -> 969131074 | C67: =right(A67,7) -> 9131074 | D67: 969131074 | E67: 9131074
A68: 502353219 | B68: =right(A68,9) -> 502353219 | C68: =right(A68,7) -> 2353219 | D68: 502353219 | E68: 2353219
A69: +380678897706 | B69: =right(A69,9) -> 678897706 | C69: =right(A69,7) -> 8897706 | D69: 678897706 | E69: 8897706
A70: +380976512497 | B70: =right(A70,9) -> 976512497 | C70: =right(A70,7) -> 6512497 | D70: 976512497 | E70: 6512497
A71: +380669643483 | B71: =right(A71,9) -> 669643483 | C71: =right(A71,7) -> 9643483 | D71: 669643483 | E71: 9643483
A72: 969790701 | B72: =right(A72,9) -> 969790701 | C72: =right(A72,7) -> 9790701 | D72: 969790701 | E72: 9790701
A73: 972280502 | B73: =right(A73,9) -> 972280502 | C73: =right(A73,7) -> 2280502 | D73: 972280502 | E73: 2280502
A74: 973751882 | B74: =right(A74,9) -> 973751882 | C74: =right(A74,7) -> 3751882 | D74: 973751882 | E74: 3751882
A75: +380630494590 | B75: =right(A75,9) -> 630494590 | C75: =right(A75,7) -> 0494590 | D75: 630494590 | E75: 494590
A76: +380504154059 | B76: =right(A76,9) -> 504154059 | C76: =right(A76,7) -> 4154059 | D76: 504154059 | E76: 4154059
A77: 672710230 | B77: =right(A77,9) -> 672710230 | C77: =right(A77,7) -> 2710230 | D77: 672710230 | E77: 2710230
A78: 503160577 | B78: =right(A78,9) -> 503160577 | C78: =right(A78,7) -> 3160577 | D78: 503160577 | E78: 3160577
A79: 504902410 | B79: =right(A79,9) -> 504902410 | C79: =right(A79,7) -> 4902410 | D79: 504902410 | E79: 4902410
A80: 966381157 | B80: =right(A80,9) -> 966381157 | C80: =right(A80,7) -> 6381157 | D80: 966381157 | E80: 6381157
A81: 674850341 | B81: =right(A81,9) -> 674850341 | C81: =right(A81,7) -> 4850341 | D81: 674850341 | E81: 4850341
A82: +380501461917 | B82: =right(A82,9) -> 501461917 | C82: =right(A82,7) -> 1461917 | D82: 501461917 | E82: 1461917
A83: 666516640 | B83: =right(A83,9) -> 666516640 | C83: =right(A83,7) -> 6516640 | D83: 666516640 | E83: 6516640
A84: +380505075418 | B84: =right(A84,9) -> 505075418 | C84: =right(A84,7) -> 5075418 | D84: 505075418 | E84: 5075418
A85: 935299201 | B85: =right(A85,9) -> 935299201 | C85: =right(A85,7) -> 5299201 | D85: 935299201 | E85: 5299201
A86: +380680023504 | B86: =right(A86,9) -> 680023504 | C86: =right(A86,7) -> 0023504 | D86: 680023504 | E86: 23504
A87: +380958541298 | B87: =right(A87,9) -> 958541298 | C87: =right(A87,7) -> 8541298 | D87: 958541298 | E87: 8541298
A88: 380676099308 | B88: =right(A88,9) -> 676099308 | C88: =right(A88,7) -> 6099308 | D88: 676099308 | E88: 6099308
A89: 672713602 | B89: =right(A89,9) -> 672713602 | C89: =right(A89,7) -> 2713602 | D89: 672713602 | E89: 2713602
A90: +380965001790 | B90: =right(A90,9) -> 965001790 | C90: =right(A90,7) -> 5001790 | D90: 965001790 | E90: 5001790
A91: 066-755-99-02 | B91: =right(A91,9) -> 755-99-02 | C91: =right(A91,7) -> 5-99-02 | D91: 755-99-02 | E91: 5-99-02
A92: 976463984 | B92: =right(A92,9) -> 976463984 | C92: =right(A92,7) -> 6463984 | D92: 976463984 | E92: 6463984
A93: 973131789 | B93: =right(A93,9) -> 973131789 | C93: =right(A93,7) -> 3131789 | D93: 973131789 | E93: 3131789
A94: 971466009 | B94: =right(A94,9) -> 971466009 | C94: =right(A94,7) -> 1466009 | D94: 971466009 | E94: 1466009

Sheet 3 text
B1: Телефон
B2: 9756324 | C2: =IFS(LEN(B2)=6,CONCAT("0482",B2),LEN(B2)=7,CONCAT("048",B2)) -> 0489756324 | D2: 489756324
B3: 2175876 | C3: =IFS(LEN(B3)=6,CONCAT("0482",B3),LEN(B3)=7,CONCAT("048",B3)) -> 0482175876 | D3: 482175876 | I3: =LEN(B2) -> 7
B4: 4847540 | C4: =IFS(LEN(B4)=6,CONCAT("0482",B4),LEN(B4)=7,CONCAT("048",B4)) -> 0484847540 | D4: 484847540
B5: 7235957 | C5: =IFS(LEN(B5)=6,CONCAT("0482",B5),LEN(B5)=7,CONCAT("048",B5)) -> 0487235957 | D5: 487235957
B6: 9221389 | C6: =IFS(LEN(B6)=6,CONCAT("0482",B6),LEN(B6)=7,CONCAT("048",B6)) -> 0489221389 | D6: 489221389
B7: 5008696 | C7: =IFS(LEN(B7)=6,CONCAT("0482",B7),LEN(B7)=7,CONCAT("048",B7)) -> 0485008696 | D7: 485008696
B8: 8805222 | C8: =IFS(LEN(B8)=6,CONCAT("0482",B8),LEN(B8)=7,CONCAT("048",B8)) -> 0488805222 | D8: 488805222
B9: 7352238 | C9: =IFS(LEN(B9)=6,CONCAT("0482",B9),LEN(B9)=7,CONCAT("048",B9)) -> 0487352238 | D9: 487352238
B10: 3961683 | C10: =IFS(LEN(B10)=6,CONCAT("0482",B10),LEN(B10)=7,CONCAT("048",B10)) -> 0483961683 | D10: 483961683
B11: 3961683 | C11: =IFS(LEN(B11)=6,CONCAT("0482",B11),LEN(B11)=7,CONCAT("048",B11)) -> 0483961683 | D11: 483961683
B12: 9756324 | C12: =IFS(LEN(B12)=6,CONCAT("0482",B12),LEN(B12)=7,CONCAT("048",B12)) -> 0489756324 | D12: 489756324
B13: 4177621 | C13: =IFS(LEN(B13)=6,CONCAT("0482",B13),LEN(B13)=7,CONCAT("048",B13)) -> 0484177621 | D13: 484177621
B14: 181270 | C14: =IFS(LEN(B14)=6,CONCAT("0482",B14),LEN(B14)=7,CONCAT("048",B14)) -> 0482181270 | D14: 482181270
B15: 424742 | C15: =IFS(LEN(B15)=6,CONCAT("0482",B15),LEN(B15)=7,CONCAT("048",B15)) -> 0482424742 | D15: 482424742
... B24: 7718190 | C24: =IFS(LEN(B24)=6,CONCAT("0482",B24),LEN(B24)=7,CONCAT("048",B24)) -> 0487718190 | D24: 487718190
B25: 5-15-85 | C25: =IFS(LEN(B25)=6,CONCAT("0482",B25),LEN(B25)=7,CONCAT("048",B25)) -> 0485-15-85 | D25: 0485-15-85
B26: 8553582 | C26: =IFS(LEN(B26)=6,CONCAT("0482",B26),LEN(B26)=7,CONCAT("048",B26)) -> 0488553582 | D26: 488553582
B27: 3579004 | C27: =IFS(LEN(B27)=6,CONCAT("0482",B27),LEN(B27)=7,CONCAT("048",B27)) -> 0483579004 | D27: 483579004
B28: 8690452 | C28: =IFS(LEN(B28)=6,CONCAT("0482",B28),LEN(B28)=7,CONCAT("048",B28)) -> 0488690452 | D28: 488690452
B29: 6347028 | C29: =IFS(LEN(B29)=6,CONCAT("0482",B29),LEN(B29)=7,CONCAT("048",B29)) -> 0486347028 | D29: 486347028
B30: 9323072 | C30: =IFS(LEN(B30)=6,CONCAT("0482",B30),LEN(B30)=7,CONCAT("048",B30)) -> 0489323072 | D30: 489323072
B31: 2929706 | C31: =IFS(LEN(B31)=6,CONCAT("0482",B31),LEN(B31)=7,CONCAT("048",B31)) -> 0482929706 | D31: 482929706
B32: 31931 | C32: =IFS(LEN(B32)=6,CONCAT("0482",B32),LEN(B32)=7,CONCAT("048",B32)) -> #N/A | D32: #N/A
B33: 4989647 | C33: =IFS(LEN(B33)=6,CONCAT("0482",B33),LEN(B33)=7,CONCAT("048",B33)) -> 0484989647 | D33: 484989647
B34: 1361567 | C34: =IFS(LEN(B34)=6,CONCAT("0482",B34),LEN(B34)=7,CONCAT("048",B34)) -> 0481361567 | D34: 481361567
B35: 9209211 | C35: =IFS(LEN(B35)=6,CONCAT("0482",B35),LEN(B35)=7,CONCAT("048",B35)) -> 0489209211 | D35: 489209211
B36: 4880197 | C36: =IFS(LEN(B36)=6,CONCAT("0482",B36),LEN(B36)=7,CONCAT("048",B36)) -> 0484880197 | D36: 484880197
B37: 5130125 | C37: =IFS(LEN(B37)=6,CONCAT("0482",B37),LEN(B37)=7,CONCAT("048",B37)) -> 0485130125 | D37: 485130125
B38: 9792811 | C38: =IFS(LEN(B38)=6,CONCAT("0482",B38),LEN(B38)=7,CONCAT("048",B38)) -> 0489792811 | D38: 489792811
B39: 4861520 | C39: =IFS(LEN(B39)=6,CONCAT("0482",B39),LEN(B39)=7,CONCAT("048",B39)) -> 0484861520 | D39: 484861520
B40: 6187270 | C40: =IFS(LEN(B40)=6,CONCAT("0482",B40),LEN(B40)=7,CONCAT("048",B40)) -> 0486187270 | D40: 486187270
B41: 1228716 | C41: =IFS(LEN(B41)=6,CONCAT("0482",B41),LEN(B41)=7,CONCAT("048",B41)) -> 0481228716 | D41: 481228716
B42: 9494201 | C42: =IFS(LEN(B42)=6,CONCAT("0482",B42),LEN(B42)=7,CONCAT("048",B42)) -> 0489494201 | D42: 489494201
B43: 1180518 | C43: =IFS(LEN(B43)=6,CONCAT("0482",B43),LEN(B43)=7,CONCAT("048",B43)) -> 0481180518 | D43: 481180518
B44: 7164943 | C44: =IFS(LEN(B44)=6,CONCAT("0482",B44),LEN(B44)=7,CONCAT("048",B44)) -> 0487164943 | D44: 487164943
... B47: 9763553 | C47: =IFS(LEN(B47)=6,CONCAT("0482",B47),LEN(B47)=7,CONCAT("048",B47)) -> 0489763553 | D47: 489763553
B48: -32-702 | C48: =IFS(LEN(B48)=6,CONCAT("0482",B48),LEN(B48)=7,CONCAT("048",B48)) -> 048-32-702 | D48: 048-32-702
B49: 865611 | C49: =IFS(LEN(B49)=6,CONCAT("0482",B49),LEN(B49)=7,CONCAT("048",B49)) -> 0482865611 | D49: 482865611
B50: 1-13-05 | C50: =IFS(LEN(B50)=6,CONCAT("0482",B50),LEN(B50)=7,CONCAT("048",B50)) -> 0481-13-05 | D50: 0481-13-05
B51: 9756732 | C51: =IFS(LEN(B51)=6,CONCAT("0482",B51),LEN(B51)=7,CONCAT("048",B51)) -> 0489756732 | D51: 489756732
B52: 9964190 | C52: =IFS(LEN(B52)=6,CONCAT("0482",B52),LEN(B52)=7,CONCAT("048",B52)) -> 0489964190 | D52: 489964190
B53: 8800416 | C53: =IFS(LEN(B53)=6,CONCAT("0482",B53),LEN(B53)=7,CONCAT("048",B53)) -> 0488800416 | D53: 488800416
B54: 3956665 | C54: =IFS(LEN(B54)=6,CONCAT("0482",B54),LEN(B54)=7,CONCAT("048",B54)) -> 0483956665 | D54: 483956665
B55: 4894869 | C55: =IFS(LEN(B55)=6,CONCAT("0482",B55),LEN(B55)=7,CONCAT("048",B55)) -> 0484894869 | D55: 484894869
B56: 8-2-0648 | C56: =IFS(LEN(B56)=6,CONCAT("0482",B56),LEN(B56)=7,CONCAT("048",B56)) -> #N/A | D56: #N/A
B57: 1835410 | C57: =IFS(LEN(B57)=6,CONCAT("0482",B57),LEN(B57)=7,CONCAT("048",B57)) -> 0481835410 | D57: 481835410
B58: 9480565 | C58: =IFS(LEN(B58)=6,CONCAT("0482",B58),LEN(B58)=7,CONCAT("048",B58)) -> 0489480565 | D58: 489480565
B59: 473797 | C59: =IFS(LEN(B59)=6,CONCAT("0482",B59),LEN(B59)=7,CONCAT("048",B59)) -> 0482473797 | D59: 482473797
B60: 2691606 | C60: =IFS(LEN(B60)=6,CONCAT("0482",B60),LEN(B60)=7,CONCAT("048",B60)) -> 0482691606 | D60: 482691606
B61: 7884919 | C61: =IFS(LEN(B61)=6,CONCAT("0482",B61),LEN(B61)=7,CONCAT("048",B61)) -> 0487884919 | D61: 487884919
B62: 7265893 | C62: =IFS(LEN(B62)=6,CONCAT("0482",B62),LEN(B62)=7,CONCAT("048",B62)) -> 0487265893 | D62: 487265893
B63: 0-37-97 | C63: =IFS(LEN(B63)=6,CONCAT("0482",B63),LEN(B63)=7,CONCAT("048",B63)) -> 0480-37-97 | D63: 0480-37-97
B64: 7741071 | C64: =IFS(LEN(B64)=6,CONCAT("0482",B64),LEN(B64)=7,CONCAT("048",B64)) -> 0487741071 | D64: 487741071
B65: 4862743 | C65: =IFS(LEN(B65)=6,CONCAT("0482",B65),LEN(B65)=7,CONCAT("048",B65)) -> 0484862743 | D65: 484862743
B66: 2839081 | C66: =IFS(LEN(B66)=6,CONCAT("0482",B66),LEN(B66)=7,CONCAT("048",B66)) -> 0482839081 | D66: 482839081
B67: 4810370 | C67: =IFS(LEN(B67)=6,CONCAT("0482",B67),LEN(B67)=7,CONCAT("048",B67)) -> 0484810370 | D67: 484810370
B68: 1228090 | C68: =IFS(LEN(B68)=6,CONCAT("0482",B68),LEN(B68)=7,CONCAT("048",B68)) -> 0481228090 | D68: 481228090
B69: 1228090 | C69: =IFS(LEN(B69)=6,CONCAT("0482",B69),LEN(B69)=7,CONCAT("048",B69)) -> 0481228090 | D69: 481228090
B70: 1228090 | C70: =IFS(LEN(B70)=6,CONCAT("0482",B70),LEN(B70)=7,CONCAT("048",B70)) -> 0481228090 | D70: 481228090
B71: 9131074 | C71: =IFS(LEN(B71)=6,CONCAT("0482",B71),LEN(B71)=7,CONCAT("048",B71)) -> 0489131074 | D71: 489131074
B72: 2353219 | C72: =IFS(LEN(B72)=6,CONCAT("0482",B72),LEN(B72)=7,CONCAT("048",B72)) -> 0482353219 | D72: 482353219
B73: 1228090 | C73: =IFS(LEN(B73)=6,CONCAT("0482",B73),LEN(B73)=7,CONCAT("048",B73)) -> 0481228090 | D73: 481228090
B74: 8897706 | C74: =IFS(LEN(B74)=6,CONCAT("0482",B74),LEN(B74)=7,CONCAT("048",B74)) -> 0488897706 | D74: 488897706
B75: 6512497 | C75: =IFS(LEN(B75)=6,CONCAT("0482",B75),LEN(B75)=7,CONCAT("048",B75)) -> 0486512497 | D75: 486512497
... B94: 5299201 | C94: =IFS(LEN(B94)=6,CONCAT("0482",B94),LEN(B94)=7,CONCAT("048",B94)) -> 0485299201 | D94: 485299201
B95: 23504 | C95: =IFS(LEN(B95)=6,CONCAT("0482",B95),LEN(B95)=7,CONCAT("048",B95)) -> #N/A | D95: #N/A
B96: 8541298 | C96: =IFS(LEN(B96)=6,CONCAT("0482",B96),LEN(B96)=7,CONCAT("048",B96)) -> 0488541298 | D96: 488541298
B97: 6099308 | C97: =IFS(LEN(B97)=6,CONCAT("0482",B97),LEN(B97)=7,CONCAT("048",B97)) -> 0486099308 | D97: 486099308
B98: 2713602 | C98: =IFS(LEN(B98)=6,CONCAT("0482",B98),LEN(B98)=7,CONCAT("048",B98)) -> 0482713602 | D98: 482713602
B99: 3956665 | C99: =IFS(LEN(B99)=6,CONCAT("0482",B99),LEN(B99)=7,CONCAT("048",B99)) -> 0483956665 | D99: 483956665
B100: 5001790 | C100: =IFS(LEN(B100)=6,CONCAT("0482",B100),LEN(B100)=7,CONCAT("048",B100)) -> 0485001790 | D100: 485001790
B101: 5-99-02 | C101: =IFS(LEN(B101)=6,CONCAT("0482",B101),LEN(B101)=7,CONCAT("048",B101)) -> 0485-99-02 | D101: 0485-99-02
B102: 6463984 | C102: =IFS(LEN(B102)=6,CONCAT("0482",B102),LEN(B102)=7,CONCAT("048",B102)) -> 0486463984 | D102: 486463984
B103: 3131789 | C103: =IFS(LEN(B103)=6,CONCAT("0482",B103),LEN(B103)=7,CONCAT("048",B103)) -> 0483131789 | D103: 483131789
B104: 1466009 | C104: =IFS(LEN(B104)=6,CONCAT("0482",B104),LEN(B104)=7,CONCAT("048",B104)) -> 0481466009 | D104: 481466009

Sheet 4 text
B1: ПІБ | C1: Телефон | D1: Телефон
B2: ='Аркуш11'!C2&" "&'Аркуш11'!D2&" "&'Аркуш11'!E2 -> Епифанов Иван Алексеевич | C2: ='Аркуш11'!K2 -> 9756324 | D2: 9756324 | E2: =IFS(LEN(D2)=6,CONCAT("0482",D2),LEN(D2)=7,CONCAT("048",D2)) -> 0489756324 | F2: 489756324
B3: ='Аркуш11'!C3&" "&'Аркуш11'!D3&" "&'Аркуш11'!E3 -> Балочкин Игорь Вадимович | C3: ='Аркуш11'!K3 -> 2175876 | D3: 2175876 | E3: =IFS(LEN(D3)=6,CONCAT("0482",D3),LEN(D3)=7,CONCAT("048",D3)) -> 0482175876 | F3: 482175876
B4: ='Аркуш11'!C4&" "&'Аркуш11'!D4&" "&'Аркуш11'!E4 -> Кувшинов Виктор Евгеньевич | C4: ='Аркуш11'!K4 -> 4847540 | D4: 4847540 | E4: =IFS(LEN(D4)=6,CONCAT("0482",D4),LEN(D4)=7,CONCAT("048",D4)) -> 0484847540 | F4: 484847540
B5: ='Аркуш11'!C5&" "&'Аркуш11'!D5&" "&'Аркуш11'!E5 -> Бобошко Максим Михайлович | C5: ='Аркуш11'!K5 -> 7235957 | D5: 7235957 | E5: =IFS(LEN(D5)=6,CONCAT("0482",D5),LEN(D5)=7,CONCAT("048",D5)) -> 0487235957 | F5: 487235957
B6: ='Аркуш11'!C6&" "&'Аркуш11'!D6&" "&'Аркуш11'!E6 -> Павлюкова Елизавета Владимировна | C6: ='Аркуш11'!K6 -> 9221389 | D6: 9221389 | E6: =IFS(LEN(D6)=6,CONCAT("0482",D6),LEN(D6)=7,CONCAT("048",D6)) -> 0489221389 | F6: 489221389
B7: ='Аркуш11'!C7&" "&'Аркуш11'!D7&" "&'Аркуш11'!E7 -> Гаврилюк Юрий Валентинович | C7: ='Аркуш11'!K7 -> 5008696 | D7: 5008696 | E7: =IFS(LEN(D7)=6,CONCAT("0482",D7),LEN(D7)=7,CONCAT("048",D7)) -> 0485008696 | F7: 485008696
B8: ='Аркуш11'!C8&" "&'Аркуш11'!D8&" "&'Аркуш11'!E8 -> Изотова Ирина Александровна | C8: ='Аркуш11'!K8 -> 8805222 | D8: 8805222 | E8: =IFS(LEN(D8)=6,CONCAT("0482",D8),LEN(D8)=7,CONCAT("048",D8)) -> 0488805222 | F8: 488805222
B9: ='Аркуш11'!C9&" "&'Аркуш11'!D9&" "&'Аркуш11'!E9 -> Сторожев Олег Игоревич | C9: ='Аркуш11'!K9 -> 7352238 | D9: 7352238 | E9: =IFS(LEN(D9)=6,CONCAT("0482",D9),LEN(D9)=7,CONCAT("048",D9)) -> 0487352238 | F9: 487352238
B10: ='Аркуш11'!C10&" "&'Аркуш11'!D10&" "&'Аркуш11'!E10 -> Спивак Максим Игоревич | C10: ='Аркуш11'!K10 -> 3961683 | D10: 3961683 | E10: =IFS(LEN(D10)=6,CONCAT("0482",D10),LEN(D10)=7,CONCAT("048",D10)) -> 0483961683 | F10: 483961683
B11: ='Аркуш11'!C11&" "&'Аркуш11'!D11&" "&'Аркуш11'!E11 -> Спивак Максим Игоревич | C11: ='Аркуш11'!K11 -> 3961683 | D11: 3961683 | E11: =IFS(LEN(D11)=6,CONCAT("0482",D11),LEN(D11)=7,CONCAT("048",D11)) -> 0483961683 | F11: 483961683
B12: ='Аркуш11'!C12&" "&'Аркуш11'!D12&" "&'Аркуш11'!E12 -> Епифанов Иван Алексеевич | C12: ='Аркуш11'!K12 -> 9756324 | D12: 9756324 | E12: =IFS(LEN(D12)=6,CONCAT("0482",D12),LEN(D12)=7,CONCAT("048",D12)) -> 0489756324 | F12: 489756324
B13: ='Аркуш11'!C13&" "&'Аркуш11'!D13&" "&'Аркуш11'!E13 -> Дуганов Костя Вячеславович | C13: ='Аркуш11'!K13 -> 4177621 | D13: 4177621 | E13: =IFS(LEN(D13)=6,CONCAT("0482",D13),LEN(D13)=7,CONCAT("048",D13)) -> 0484177621 | F13: 484177621
... B24: ='Аркуш11'!C24&" "&'Аркуш11'!D24&" "&'Аркуш11'!E24 -> Сапега Никита Александрович | C24: ='Аркуш11'!K24 -> 7718190 | D24: 7718190 | E24: =IFS(LEN(D24)=6,CONCAT("0482",D24),LEN(D24)=7,CONCAT("048",D24)) -> 0487718190 | F24: 487718190
B25: ='Аркуш11'!C25&" "&'Аркуш11'!D25&" "&'Аркуш11'!E25 -> Михайленко Дмитрий Денисович | C25: ='Аркуш11'!K25 -> 5-15-85 | D25: 5-15-85 | E25: =IFS(LEN(D25)=6,CONCAT("0482",D25),LEN(D25)=7,CONCAT("048",D25)) -> 0485-15-85 | F25: 0485-15-85
B26: ='Аркуш11'!C26&" "&'Аркуш11'!D26&" "&'Аркуш11'!E26 -> Леончик Вероника Евгеньевна | C26: ='Аркуш11'!K26 -> 8553582 | D26: 8553582 | E26: =IFS(LEN(D26)=6,CONCAT("0482",D26),LEN(D26)=7,CONCAT("048",D26)) -> 0488553582 | F26: 488553582
B27: ='Аркуш11'!C27&" "&'Аркуш11'!D27&" "&'Аркуш11'!E27 -> Бондарь Антон Викторович | C27: ='Аркуш11'!K27 -> 3579004 | D27: 3579004 | E27: =IFS(LEN(D27)=6,CONCAT("0482",D27),LEN(D27)=7,CONCAT("048",D27)) -> 0483579004 | F27: 483579004
B28: ='Аркуш11'!C28&" "&'Аркуш11'!D28&" "&'Аркуш11'!E28 -> Нефедов Микола Геннадійович | C28: ='Аркуш11'!K28 -> 8690452 | D28: 8690452 | E28: =IFS(LEN(D28)=6,CONCAT("0482",D28),LEN(D28)=7,CONCAT("048",D28)) -> 0488690452 | F28: 488690452
B29: ='Аркуш11'!C29&" "&'Аркуш11'!D29&" "&'Аркуш11'!E29 -> Тучков Егор Денисович | C29: ='Аркуш11'!K29 -> 6347028 | D29: 6347028 | E29: =IFS(LEN(D29)=6,CONCAT("0482",D29),LEN(D29)=7,CONCAT("048",D29)) -> 0486347028 | F29: 486347028
B30: ='Аркуш11'!C30&" "&'Аркуш11'!D30&" "&'Аркуш11'!E30 -> Запрудский Виктор Витальевич | C30: ='Аркуш11'!K30 -> 9323072 | D30: 9323072 | E30: =IFS(LEN(D30)=6,CONCAT("0482",D30),LEN(D30)=7,CONCAT("048",D30)) -> 0489323072 | F30: 489323072
B31: ='Аркуш11'!C31&" "&'Аркуш11'!D31&" "&'Аркуш11'!E31 -> Власенко Андрей Андреевич | C31: ='Аркуш11'!K31 -> 2929706 | D31: 2929706 | E31: =IFS(LEN(D31)=6,CONCAT("0482",D31),LEN(D31)=7,CONCAT("048",D31)) -> 0482929706 | F31: 482929706
B32: ='Аркуш11'!C32&" "&'Аркуш11'!D32&" "&'Аркуш11'!E32 -> Кавалеров Владимир Владимирович | C32: ='Аркуш11'!K32 -> 3-06-87 | D32: 31931 | E32: =IFS(LEN(D32)=6,CONCAT("0482",D32),LEN(D32)=7,CONCAT("048",D32)) -> #N/A | F32: #N/A
B33: ='Аркуш11'!C33&" "&'Аркуш11'!D33&" "&'Аркуш11'!E33 -> Евдокимов Сергей Петрович | C33: ='Аркуш11'!K33 -> 4989647 | D33: 4989647 | E33: =IFS(LEN(D33)=6,CONCAT("0482",D33),LEN(D33)=7,CONCAT("048",D33)) -> 0484989647 | F33: 484989647
B34: ='Аркуш11'!C34&" "&'Аркуш11'!D34&" "&'Аркуш11'!E34 -> Фернандес де Ривес Николай Сергеевич | C34: ='Аркуш11'!K34 -> 1361567 | D34: 1361567 | E34: =IFS(LEN(D34)=6,CONCAT("0482",D34),LEN(D34)=7,CONCAT("048",D34)) -> 0481361567 | F34: 481361567
B35: ='Аркуш11'!C35&" "&'Аркуш11'!D35&" "&'Аркуш11'!E35 -> Степовой Владислав Юрьевич | C35: ='Аркуш11'!K35 -> 9209211 | D35: 9209211 | E35: =IFS(LEN(D35)=6,CONCAT("0482",D35),LEN(D35)=7,CONCAT("048",D35)) -> 0489209211 | F35: 489209211
B36: ='Аркуш11'!C36&" "&'Аркуш11'!D36&" "&'Аркуш11'!E36 -> Сурай Алексей Николаевич | C36: ='Аркуш11'!K36 -> 4880197 | D36: 4880197 | E36: =IFS(LEN(D36)=6,CONCAT("0482",D36),LEN(D36)=7,CONCAT("048",D36)) -> 0484880197 | F36: 484880197
B37: ='Аркуш11'!C37&" "&'Аркуш11'!D37&" "&'Аркуш11'!E37 -> Остапчук Константин Андреевич | C37: ='Аркуш11'!K37 -> 5130125 | D37: 5130125 | E37: =IFS(LEN(D37)=6,CONCAT("0482",D37),LEN(D37)=7,CONCAT("048",D37)) -> 0485130125 | F37: 485130125
B38: ='Аркуш11'!C38&" "&'Аркуш11'!D38&" "&'Аркуш11'!E38 -> Чачко Натан Леонидович | C38: ='Аркуш11'!K38 -> 9792811 | D38: 9792811 | E38: =IFS(LEN(D38)=6,CONCAT("0482",D38),LEN(D38)=7,CONCAT("048",D38)) -> 0489792811 | F38: 489792811
B39: ='Аркуш11'!C39&" "&'Аркуш11'!D39&" "&'Аркуш11'!E39 -> Хмелевский Никита Олегович | C39: ='Аркуш11'!K39 -> 4861520 | D39: 4861520 | E39: =IFS(LEN(D39)=6,CONCAT("0482",D39),LEN(D39)=7,CONCAT("048",D39)) -> 0484861520 | F39: 484861520
B40: ='Аркуш11'!C40&" "&'Аркуш11'!D40&" "&'Аркуш11'!E40 -> Примикирио Дина Витальевна | C40: ='Аркуш11'!K40 -> 6187270 | D40: 6187270 | E40: =IFS(LEN(D40)=6,CONCAT("0482",D40),LEN(D40)=7,CONCAT("048",D40)) -> 0486187270 | F40: 486187270
B41: ='Аркуш11'!C41&" "&'Аркуш11'!D41&" "&'Аркуш11'!E41 -> Костина Лариса Павловна | C41: ='Аркуш11'!K41 -> 1228716 | D41: 1228716 | E41: =IFS(LEN(D41)=6,CONCAT("0482",D41),LEN(D41)=7,CONCAT("048",D41)) -> 0481228716 | F41: 481228716
B42: ='Аркуш11'!C42&" "&'Аркуш11'!D42&" "&'Аркуш11'!E42 -> Прокоп Артём Сергеевич | C42: ='Аркуш11'!K42 -> 9494201 | D42: 9494201 | E42: =IFS(LEN(D42)=6,CONCAT("0482",D42),LEN(D42)=7,CONCAT("048",D42)) -> 0489494201 | F42: 489494201
B43: ='Аркуш11'!C43&" "&'Аркуш11'!D43&" "&'Аркуш11'!E43 -> Гриб Дарья Сергеевна | C43: ='Аркуш11'!K43 -> 1180518 | D43: 1180518 | E43: =IFS(LEN(D43)=6,CONCAT("0482",D43),LEN(D43)=7,CONCAT("048",D43)) -> 0481180518 | F43: 481180518
B44: ='Аркуш11'!C44&" "&'Аркуш11'!D44&" "&'Аркуш11'!E44 -> Чуб Максим Андреевич | C44: ='Аркуш11'!K44 -> 7164943 | D44: 7164943 | E44: =IFS(LEN(D44)=6,CONCAT("0482",D44),LEN(D44)=7,CONCAT("048",D44)) -> 0487164943 | F44: 487164943
... B47: ='Аркуш11'!C47&" "&'Аркуш11'!D47&" "&'Аркуш11'!E47 -> Максименко Николай Сергеевич | C47: ='Аркуш11'!K47 -> 9763553 | D47: 9763553 | E47: =IFS(LEN(D47)=6,CONCAT("0482",D47),LEN(D47)=7,CONCAT("048",D47)) -> 0489763553 | F47: 489763553
B48: ='Аркуш11'!C48&" "&'Аркуш11'!D48&" "&'Аркуш11'!E48 -> Лях Влад Дмитриевич | C48: ='Аркуш11'!K48 -> -32-702 | D48: -32-702 | E48: =IFS(LEN(D48)=6,CONCAT("0482",D48),LEN(D48)=7,CONCAT("048",D48)) -> 048-32-702 | F48: 048-32-702
B49: ='Аркуш11'!C49&" "&'Аркуш11'!D49&" "&'Аркуш11'!E49 -> Флоря Максим Геннадиевич | C49: ='Аркуш11'!K49 -> 0865611 | D49: 865611 | E49: =IFS(LEN(D49)=6,CONCAT("0482",D49),LEN(D49)=7,CONCAT("048",D49)) -> 0482865611 | F49: 482865611
B50: ='Аркуш11'!C50&" "&'Аркуш11'!D50&" "&'Аркуш11'!E50 -> Гуренко Анастасия Константиновна | C50: ='Аркуш11'!K50 -> 1-13-05 | D50: 1-13-05 | E50: =IFS(LEN(D50)=6,CONCAT("0482",D50),LEN(D50)=7,CONCAT("048",D50)) -> 0481-13-05 | F50: 0481-13-05
B51: ='Аркуш11'!C51&" "&'Аркуш11'!D51&" "&'Аркуш11'!E51 -> Комыш Богдан Юрьевич | C51: ='Аркуш11'!K51 -> 9756732 | D51: 9756732 | E51: =IFS(LEN(D51)=6,CONCAT("0482",D51),LEN(D51)=7,CONCAT("048",D51)) -> 0489756732 | F51: 489756732
B52: ='Аркуш11'!C52&" "&'Аркуш11'!D52&" "&'Аркуш11'!E52 -> Хромов Евгений Александрович | C52: ='Аркуш11'!K52 -> 9964190 | D52: 9964190 | E52: =IFS(LEN(D52)=6,CONCAT("0482",D52),LEN(D52)=7,CONCAT("048",D52)) -> 0489964190 | F52: 489964190
B53: ='Аркуш11'!C53&" "&'Аркуш11'!D53&" "&'Аркуш11'!E53 -> Михальский Александр Сергеевич | C53: ='Аркуш11'!K53 -> 8800416 | D53: 8800416 | E53: =IFS(LEN(D53)=6,CONCAT("0482",D53),LEN(D53)=7,CONCAT("048",D53)) -> 0488800416 | F53: 488800416
B54: ='Аркуш11'!C54&" "&'Аркуш11'!D54&" "&'Аркуш11'!E54 -> Мартын Екатерина Сергеевна | C54: ='Аркуш11'!K54 -> 3956665 | D54: 3956665 | E54: =IFS(LEN(D54)=6,CONCAT("0482",D54),LEN(D54)=7,CONCAT("048",D54)) -> 0483956665 | F54: 483956665
B55: ='Аркуш11'!C55&" "&'Аркуш11'!D55&" "&'Аркуш11'!E55 -> Григорашенко Катерина Витальевна | C55: ='Аркуш11'!K55 -> 4894869 | D55: 4894869 | E55: =IFS(LEN(D55)=6,CONCAT("0482",D55),LEN(D55)=7,CONCAT("048",D55)) -> 0484894869 | F55: 484894869
B56: ='Аркуш11'!C56&" "&'Аркуш11'!D56&" "&'Аркуш11'!E56 -> Мясниченко Глеб Денисович | C56: ='Аркуш11'!K56 -> 8-2-648 | D56: 8-2-0648 | E56: =IFS(LEN(D56)=6,CONCAT("0482",D56),LEN(D56)=7,CONCAT("048",D56)) -> #N/A | F56: #N/A
B57: ='Аркуш11'!C57&" "&'Аркуш11'!D57&" "&'Аркуш11'!E57 -> Фудор Костя Станиславович | C57: ='Аркуш11'!K57 -> 1835410 | D57: 1835410 | E57: =IFS(LEN(D57)=6,CONCAT("0482",D57),LEN(D57)=7,CONCAT("048",D57)) -> 0481835410 | F57: 481835410
B58: ='Аркуш11'!C58&" "&'Аркуш11'!D58&" "&'Аркуш11'!E58 -> Аврахова Екатерина Андреевна | C58: ='Аркуш11'!K58 -> 9480565 | D58: 9480565 | E58: =IFS(LEN(D58)=6,CONCAT("0482",D58),LEN(D58)=7,CONCAT("048",D58)) -> 0489480565 | F58: 489480565
B59: ='Аркуш11'!C59&" "&'Аркуш11'!D59&" "&'Аркуш11'!E59 -> Дидченко София Геннадиевна | C59: ='Аркуш11'!K59 -> 0473797 | D59: 473797 | E59: =IFS(LEN(D59)=6,CONCAT("0482",D59),LEN(D59)=7,CONCAT("048",D59)) -> 0482473797 | F59: 482473797
B60: ='Аркуш11'!C60&" "&'Аркуш11'!D60&" "&'Аркуш11'!E60 -> Петин Михаил Александрович | C60: ='Аркуш11'!K60 -> 2691606 | D60: 2691606 | E60: =IFS(LEN(D60)=6,CONCAT("0482",D60),LEN(D60)=7,CONCAT("048",D60)) -> 0482691606 | F60: 482691606
B61: ='Аркуш11'!C61&" "&'Аркуш11'!D61&" "&'Аркуш11'!E61 -> Горбулінський Дмитро Олексійович | C61: ='Аркуш11'!K61 -> 7884919 | D61: 7884919 | E61: =IFS(LEN(D61)=6,CONCAT("0482",D61),LEN(D61)=7,CONCAT("048",D61)) -> 0487884919 | F61: 487884919
B62: ='Аркуш11'!C62&" "&'Аркуш11'!D62&" "&'Аркуш11'!E62 -> Федосеев Константин Денисович | C62: ='Аркуш11'!K62 -> 7265893 | D62: 7265893 | E62: =IFS(LEN(D62)=6,CONCAT("0482",D62),LEN(D62)=7,CONCAT("048",D62)) -> 0487265893 | F62: 487265893
B63: ='Аркуш11'!C63&" "&'Аркуш11'!D63&" "&'Аркуш11'!E63 -> Тихончук Максим Русланович | C63: ='Аркуш11'!K63 -> 0-37-97 | D63: 0-37-97 | E63: =IFS(LEN(D63)=6,CONCAT("0482",D63),LEN(D63)=7,CONCAT("048",D63)) -> 0480-37-97 | F63: 0480-37-97
B64: ='Аркуш11'!C64&" "&'Аркуш11'!D64&" "&'Аркуш11'!E64 -> Чигидина Марина Викторовна | C64: ='Аркуш11'!K64 -> 7741071 | D64: 7741071 | E64: =IFS(LEN(D64)=6,CONCAT("0482",D64),LEN(D64)=7,CONCAT("048",D64)) -> 0487741071 | F64: 487741071
B65: ='Аркуш11'!C65&" "&'Аркуш11'!D65&" "&'Аркуш11'!E65 -> Новикова Емилия Валерьевна | C65: ='Аркуш11'!K65 -> 4862743 | D65: 4862743 | E65: =IFS(LEN(D65)=6,CONCAT("0482",D65),LEN(D65)=7,CONCAT("048",D65)) -> 0484862743 | F65: 484862743
B66: ='Аркуш11'!C66&" "&'Аркуш11'!D66&" "&'Аркуш11'!E66 -> Яворская Анна Борисовна | C66: ='Аркуш11'!K66 -> 2839081 | D66: 2839081 | E66: =IFS(LEN(D66)=6,CONCAT("0482",D66),LEN(D66)=7,CONCAT("048",D66)) -> 0482839081 | F66: 482839081
B67: ='Аркуш11'!C67&" "&'Аркуш11'!D67&" "&'Аркуш11'!E67 -> Герасимчук Татьяна Викторовна | C67: ='Аркуш11'!K67 -> 4810370 | D67: 4810370 | E67: =IFS(LEN(D67)=6,CONCAT("0482",D67),LEN(D67)=7,CONCAT("048",D67)) -> 0484810370 | F67: 484810370
B68: ='Аркуш11'!C68&" "&'Аркуш11'!D68&" "&'Аркуш11'!E68 -> Костинюк Наташа Константиновна | C68: ='Аркуш11'!K68 -> 1228090 | D68: 1228090 | E68: =IFS(LEN(D68)=6,CONCAT("0482",D68),LEN(D68)=7,CONCAT("048",D68)) -> 0481228090 | F68: 481228090
B69: ='Аркуш11'!C69&" "&'Аркуш11'!D69&" "&'Аркуш11'!E69 -> Костинюк Наташа Константиновна | C69: ='Аркуш11'!K69 -> 1228090 | D69: 1228090 | E69: =IFS(LEN(D69)=6,CONCAT("0482",D69),LEN(D69)=7,CONCAT("048",D69)) -> 0481228090 | F69: 481228090
B70: ='Аркуш11'!C70&" "&'Аркуш11'!D70&" "&'Аркуш11'!E70 -> Костинюк Наталья Константиновна | C70: ='Аркуш11'!K70 -> 1228090 | D70: 1228090 | E70: =IFS(LEN(D70)=6,CONCAT("0482",D70),LEN(D70)=7,CONCAT("048",D70)) -> 0481228090 | F70: 481228090
B71: ='Аркуш11'!C71&" "&'Аркуш11'!D71&" "&'Аркуш11'!E71 -> Заганич Константин Владимирович | C71: ='Аркуш11'!K71 -> 9131074 | D71: 9131074 | E71: =IFS(LEN(D71)=6,CONCAT("0482",D71),LEN(D71)=7,CONCAT("048",D71)) -> 0489131074 | F71: 489131074
B72: ='Аркуш11'!C72&" "&'Аркуш11'!D72&" "&'Аркуш11'!E72 -> Никитенко Артур Алексеевич | C72: ='Аркуш11'!K72 -> 2353219 | D72: 2353219 | E72: =IFS(LEN(D72)=6,CONCAT("0482",D72),LEN(D72)=7,CONCAT("048",D72)) -> 0482353219 | F72: 482353219
B73: ='Аркуш11'!C73&" "&'Аркуш11'!D73&" "&'Аркуш11'!E73 -> Костинюк Наталья Константиновна | C73: ='Аркуш11'!K73 -> 1228090 | D73: 1228090 | E73: =IFS(LEN(D73)=6,CONCAT("0482",D73),LEN(D73)=7,CONCAT("048",D73)) -> 0481228090 | F73: 481228090
B74: ='Аркуш11'!C74&" "&'Аркуш11'!D74&" "&'Аркуш11'!E74 -> Нафтулович Максим Михайлович | C74: ='Аркуш11'!K74 -> 8897706 | D74: 8897706 | E74: =IFS(LEN(D74)=6,CONCAT("0482",D74),LEN(D74)=7,CONCAT("048",D74)) -> 0488897706 | F74: 488897706
B75: ='Аркуш11'!C75&" "&'Аркуш11'!D75&" "&'Аркуш11'!E75 -> Нафтулович Константин Михайлович | C75: ='Аркуш11'!K75 -> 6512497 | D75: 6512497 | E75: =IFS(LEN(D75)=6,CONCAT("0482",D75),LEN(D75)=7,CONCAT("048",D75)) -> 0486512497 | F75: 486512497
... B94: ='Аркуш11'!C94&" "&'Аркуш11'!D94&" "&'Аркуш11'!E94 -> Кича Владимир Алексеевич | C94: ='Аркуш11'!K94 -> 5299201 | D94: 5299201 | E94: =IFS(LEN(D94)=6,CONCAT("0482",D94),LEN(D94)=7,CONCAT("048",D94)) -> 0485299201 | F94: 485299201
B95: ='Аркуш11'!C95&" "&'Аркуш11'!D95&" "&'Аркуш11'!E95 -> Яроцкая Дарья Сергеевна | C95: ='Аркуш11'!K95 -> 0023504 | D95: 23504 | E95: =IFS(LEN(D95)=6,CONCAT("0482",D95),LEN(D95)=7,CONCAT("048",D95)) -> #N/A | F95: #N/A
B96: ='Аркуш11'!C96&" "&'Аркуш11'!D96&" "&'Аркуш11'!E96 -> Романцова Екатерина Юрьевна | C96: ='Аркуш11'!K96 -> 8541298 | D96: 8541298 | E96: =IFS(LEN(D96)=6,CONCAT("0482",D96),LEN(D96)=7,CONCAT("048",D96)) -> 0488541298 | F96: 488541298
B97: ='Аркуш11'!C97&" "&'Аркуш11'!D97&" "&'Аркуш11'!E97 -> Арсеньев Максим Миколайович | C97: ='Аркуш11'!K97 -> 6099308 | D97: 6099308 | E97: =IFS(LEN(D97)=6,CONCAT("0482",D97),LEN(D97)=7,CONCAT("048",D97)) -> 0486099308 | F97: 486099308
B98: ='Аркуш11'!C98&" "&'Аркуш11'!D98&" "&'Аркуш11'!E98 -> Шиндер Михаил Ильич | C98: ='Аркуш11'!K98 -> 2713602 | D98: 2713602 | E98: =IFS(LEN(D98)=6,CONCAT("0482",D98),LEN(D98)=7,CONCAT("048",D98)) -> 0482713602 | F98: 482713602
B99: ='Аркуш11'!C99&" "&'Аркуш11'!D99&" "&'Аркуш11'!E99 -> Мартын Екатерина Сергеевна | C99: ='Аркуш11'!K99 -> 3956665 | D99: 3956665 | E99: =IFS(LEN(D99)=6,CONCAT("0482",D99),LEN(D99)=7,CONCAT("048",D99)) -> 0483956665 | F99: 483956665
B100: ='Аркуш11'!C100&" "&'Аркуш11'!D100&" "&'Аркуш11'!E100 -> Хоробрых Нина Евгениевна | C100: ='Аркуш11'!K100 -> 5001790 | D100: 5001790 | E100: =IFS(LEN(D100)=6,CONCAT("0482",D100),LEN(D100)=7,CONCAT("048",D100)) -> 0485001790 | F100: 485001790
B101: ='Аркуш11'!C101&" "&'Аркуш11'!D101&" "&'Аркуш11'!E101 -> Бондарчук Константин Николаевич | C101: ='Аркуш11'!K101 -> 5-99-02 | D101: 5-99-02 | E101: =IFS(LEN(D101)=6,CONCAT("0482",D101),LEN(D101)=7,CONCAT("048",D101)) -> 0485-99-02 | F101: 0485-99-02
B102: ='Аркуш11'!C102&" "&'Аркуш11'!D102&" "&'Аркуш11'!E102 -> Кокин Виталий Витальевич | C102: ='Аркуш11'!K102 -> 6463984 | D102: 6463984 | E102: =IFS(LEN(D102)=6,CONCAT("0482",D102),LEN(D102)=7,CONCAT("048",D102)) -> 0486463984 | F102: 486463984
B103: ='Аркуш11'!C103&" "&'Аркуш11'!D103&" "&'Аркуш11'!E103 -> Канивец Андрей Андреевич | C103: ='Аркуш11'!K103 -> 3131789 | D103: 3131789 | E103: =IFS(LEN(D103)=6,CONCAT("0482",D103),LEN(D103)=7,CONCAT("048",D103)) -> 0483131789 | F103: 483131789
B104: ='Аркуш11'!C104&" "&'Аркуш11'!D104&" "&'Аркуш11'!E104 -> Климко Анастасия Юрьевна | C104: ='Аркуш11'!K104 -> 1466009 | D104: 1466009 | E104: =IFS(LEN(D104)=6,CONCAT("0482",D104),LEN(D104)=7,CONCAT("048",D104)) -> 0481466009 | F104: 481466009
B105: ='Аркуш11'!C105&" "&'Аркуш11'!D105&" "&'Аркуш11'!E105 -> Исаков Богдан | C105: ='Аркуш11'!K105
B106: ='Аркуш11'!C106&" "&'Аркуш11'!D106&" "&'Аркуш11'!E106

Sheet Аркуш11
B1: Отметка времени | C1: Фамилия | D1: Имя | E1: Отчество | F1: Школа | G1: Класс | H1: e-mail | I1: Телефон | J1: Укажите, пожалуйста, наиболее удобный способ связи с Вами | K1: Телефон
A2: 1 | B2: 43131.852 | C2: Епифанов | D2: Иван | E2: Алексеевич | F2: ОСШ#17 | G2: 7 | H2: oepifanova74@gmail.com | I2: 509756324 | J2: Телефон | K2: =RIGHT(I2,7) -> 9756324 | L2: =RIGHT(K2,6) -> 756324
A3: 2 | B3: 43131.894 | C3: Балочкин | D3: Игорь | E3: Вадимович | F3: 17 | G3: 7 | H3: uaigor2005@gmail.com | I3: 972175876 | J3: Viber | K3: =RIGHT(I3,7) -> 2175876 | L3: =RIGHT(K3,6) -> 175876
A4: 3 | B4: 43132.463 | C4: Кувшинов | D4: Виктор | E4: Евгеньевич | F4: 17 | G4: 7 | H4: elenakuvsh@rambler.ru | I4: 974847540 | J4: Viber | K4: =RIGHT(I4,7) -> 4847540 | L4: =RIGHT(K4,6) -> 847540
A5: 4 | B5: 43133.551 | C5: Бобошко | D5: Максим | E5: Михайлович | F5: 17 | G5: 7 | H5: pufa2307@gmail.com | I5: 677235957 | J5: Телефон | K5: =RIGHT(I5,7) -> 7235957 | L5: =RIGHT(K5,6) -> 235957
A6: 5 | B6: 43134.525 | C6: Павлюкова | D6: Елизавета | E6: Владимировна | F6: ОСШ 17 | G6: 7 | H6: lizapavlyukovaa@gmail.com | I6: +380679221389 | J6: Телефон | K6: =RIGHT(I6,7) -> 9221389 | L6: =RIGHT(K6,6) -> 221389
A7: 6 | B7: 43134.933 | C7: Гаврилюк | D7: Юрий | E7: Валентинович | F7: Выпаснянская общеобразовательная школа №1 | G7: 8 | H7: ugavriluk90@gmail.com | I7: +380685008696 | J7: Телефон | K7: =RIGHT(I7,7) -> 5008696 | L7: =RIGHT(K7,6) -> 008696
A8: 7 | B8: 43135.614 | C8: Изотова | D8: Ирина | E8: Александровна | F8: Гимназия 5 | G8: 10 | H8: iraizotova443@gmail.com | I8: +380668805222 | J8: Viber | K8: =RIGHT(I8,7) -> 8805222 | L8: =RIGHT(K8,6) -> 805222
A9: 8 | B9: 43135.657 | C9: Сторожев | D9: Олег | E9: Игоревич | F9: Одесский юридический лицей | G9: 10 | H9: storozheva@i.ua | I9: +380637352238 | J9: e-mail | K9: =RIGHT(I9,7) -> 7352238 | L9: =RIGHT(K9,6) -> 352238
A10: 9 | B10: 43136.794 | C10: Спивак | D10: Максим | E10: Игоревич | F10: ОСШ 17 | G10: 7 | H10: spivakmaks18@Gmail. com | I10: 673961683 | J10: Телефон | K10: =RIGHT(I10,7) -> 3961683 | L10: =RIGHT(K10,6) -> 961683
A11: 10 | B11: 43136.794 | C11: Спивак | D11: Максим | E11: Игоревич | F11: ОСШ 17 | G11: 7 | H11: spivakmaks18@Gmail. com | I11: 673961683 | J11: Телефон | K11: =RIGHT(I11,7) -> 3961683 | L11: =RIGHT(K11,6) -> 961683
A12: 11 | B12: 43138.765 | C12: Епифанов | D12: Иван | E12: Алексеевич | F12: ОСШ 17 | G12: 7 | H12: oepifanova74@gmail.com | I12: 509756324 | J12: Viber | K12: =RIGHT(I12,7) -> 9756324 | L12: =RIGHT(K12,6) -> 756324
A13: 12 | B13: 43142.889 | C13: Дуганов | D13: Костя | E13: Вячеславович | F13: 17 | G13: 7 | H13: kost3480@gmail.com | I13: +380674177621 | J13: Телефон | K13: =RIGHT(I13,7) -> 4177621 | L13: =RIGHT(K13,6) -> 177621
A14: 13 | B14: 43152.64 | C14: Юрескул | D14: Дарья | E14: Юрьевна | F14: ВознесенскаяООШ№10 | G14: 10 | H14: yureskuldasha@gmail.com | I14: +380990181270 | J14: Viber | K14: =RIGHT(I14,7) -> 0181270 | L14: =RIGHT(K14,6) -> 181270
A15: 14 | B15: 43158.517 | C15: Бобошко | D15: Максим | E15: Михайлович | F15: 17 | G15: 7 | H15: marantz2110@gmail.com | I15: +380980424742 | J15: Viber | K15: =RIGHT(I15,7) -> 0424742 | L15: =RIGHT(K15,6) -> 424742
A16: 15 | B16: 43170.806 | C16: Габчак | D16: Ольга | E16: Александровна | F16: 13 | G16: 7 | H16: abkandbbm@ukr.net | I16: 683898299 | J16: Телефон | K16: =RIGHT(I16,7) -> 3898299 | L16: =RIGHT(K16,6) -> 898299
A17: 16 | B17: 43178.333 | C17: Станкевич | D17: Даниил | E17: Дмитриевич | F17: 17 | G17: 7 | H17: vika80zagmail.com | I17: 982204010 | J17: Телефон | K17: =RIGHT(I17,7) -> 2204010 | L17: =RIGHT(K17,6) -> 204010
A18: 17 | B18: 43178.806 | C18: Коджебаш | D18: Никита | E18: Сергеевич | F18: OCШ №17 | G18: 7 | H18: JustNekit32854@gmail.com | I18: 380969205729 | J18: Телефон | K18: =RIGHT(I18,7) -> 9205729 | L18: =RIGHT(K18,6) -> 205729
A19: 18 | B19: 43178.846 | C19: Паладий | D19: Владислав | E19: Григорьевич | F19: 17 | G19: 7 | H19: tanyapaladiu81@gmail.com | I19: 960790437 | J19: Телефон | K19: =RIGHT(I19,7) -> 0790437 | L19: =RIGHT(K19,6) -> 790437
A20: 19 | B20: 43179.603 | C20: Сергатий | D20: Евгений | E20: Юрійович | F20: Виктория -П м.Кропивницький | G20: 10 | H20: TSergati76@i.ua | I20: 667437733 | J20: Телефон | K20: =RIGHT(I20,7) -> 7437733 | L20: =RIGHT(K20,6) -> 437733
A21: 20 | B21: 43179.887 | C21: Паладий | D21: Влад | E21: Григорьевич | F21: 17 | G21: 7 | H21: tanyapaladiu81@gmail. com | I21: 960790437 | J21: Телефон | K21: =RIGHT(I21,7) -> 0790437 | L21: =RIGHT(K21,6) -> 790437
A22: 21 | B22: 43193.728 | C22: Дыкусар | D22: Максим | E22: Игоревич | F22: Мариинская гимназия | G22: 7 | H22: sashakoupchak@gmail.com | I22: 982141839 | J22: Телефон | K22: =RIGHT(I22,7) -> 2141839 | L22: =RIGHT(K22,6) -> 141839
A23: 22 | B23: 43194.451 | C23: Тучков | D23: Иван | E23: Денисович | F23: Ришельевский лицей | G23: 9 | H23: tuchkov.ivan@rl.odessa.ua | I23: 972168316 | J23: Telegram | K23: =RIGHT(I23,7) -> 2168316 | L23: =RIGHT(K23,6) -> 168316
A24: 23 | B24: 43194.451 | C24: Сапега | D24: Никита | E24: Александрович | F24: Ришельевский лицей | G24: 9 | H24: niksapeg@gmail.com | I24: 997718190 | J24: Viber | K24: =RIGHT(I24,7) -> 7718190 | L24: =RIGHT(K24,6) -> 718190
A25: 24 | B25: 43197.76 | C25: Михайленко | D25: Дмитрий | E25: Денисович | F25: Одесский юридический лицей | G25: 10 | H25: mariym1602@gmail.com | I25: 050-495-15-85 | J25: Телефон | K25: =RIGHT(I25,7) -> 5-15-85 | L25: =RIGHT(K25,6) -> -15-85
A26: 25 | B26: 43198.368 | C26: Леончик | D26: Вероника | E26: Евгеньевна | F26: Ришельевский Лицей | G26: 7 | H26: leonchik@ukr.net | I26: 6678553582 | J26: Viber | K26: =RIGHT(I26,7) -> 8553582 | L26: =RIGHT(K26,6) -> 553582
A27: 26 | B27: 43200.439 | C27: Бондарь | D27: Антон | E27: Викторович | F27: Ришельевский лицей | G27: 7 | H27: e. vladimirovna7666@gmail. com | I27: 963579004 | J27: Телефон | K27: =RIGHT(I27,7) -> 3579004 | L27: =RIGHT(K27,6) -> 579004
A28: 27 | B28: 43200.82 | C28: Нефедов | D28: Микола | E28: Геннадійович | F28: Рішельєвський ліцей | G28: 7 | H28: nickolay.nefed@gmail.com | I28: +380988690452 | J28: Telegram | K28: =RIGHT(I28,7) -> 8690452 | L28: =RIGHT(K28,6) -> 690452
A29: 28 | B29: 43200.857 | C29: Тучков | D29: Егор | E29: Денисович | F29: Ришельевский лицей | G29: 8 | H29: egorys2000@yandex.ru | I29: +380666347028 | J29: Viber | K29: =RIGHT(I29,7) -> 6347028 | L29: =RIGHT(K29,6) -> 347028
A30: 29 | B30: 43200.863 | C30: Запрудский | D30: Виктор | E30: Витальевич | F30: РЛ | G30: 8 | H30: zviktor05@mail.ru | I30: 949323072 | J30: Telegram | K30: =RIGHT(I30,7) -> 9323072 | L30: =RIGHT(K30,6) -> 323072
A31: 30 | B31: 43200.873 | C31: Власенко | D31: Андрей | E31: Андреевич | F31: Ришельевский лицей | G31: 8 | H31: vlasenko_andrij@rl.odessa.ua | I31: 380972929706 | J31: Telegram | K31: =RIGHT(I31,7) -> 2929706 | L31: =RIGHT(K31,6) -> 929706
A32: 31 | B32: 43200.884 | C32: Кавалеров | D32: Владимир | E32: Владимирович | F32: Ришельевский лицей | G32: 8 | H32: vdkavalerova@ukr.net | I32: 067-723-06-87 | J32: Viber | K32: =RIGHT(I32,7) -> 3-06-87 | L32: =RIGHT(K32,6) -> -06-87
A33: 32 | B33: 43200.95 | C33: Евдокимов | D33: Сергей | E33: Петрович | F33: Школа №27 | G33: 10 | H33: yevdokymov@ukr.net | I33: 380984989647 | J33: Telegram | K33: =RIGHT(I33,7) -> 4989647 | L33: =RIGHT(K33,6) -> 989647
A34: 33 | B34: 43201.451 | C34: Фернандес де Ривес | D34: Николай | E34: Сергеевич | F34: Мариинская гимназия | G34: 8 | H34: sa.zanoza@gmail.com | I34: 631361567 | J34: Telegram | K34: =RIGHT(I34,7) -> 1361567 | L34: =RIGHT(K34,6) -> 361567
A35: 34 | B35: 43201.715 | C35: Степовой | D35: Владислав | E35: Юрьевич | F35: 13 | G35: 9 | H35: stepovaya@gmail.com | I35: 679209211 | J35: Телефон | K35: =RIGHT(I35,7) -> 9209211 | L35: =RIGHT(K35,6) -> 209211
A36: 35 | B36: 43201.869 | C36: Сурай | D36: Алексей | E36: Николаевич | F36: 8 гимназия | G36: 8 | H36: okeanisniko2007@ gmail.com | I36: 674880197 | J36: Телефон | K36: =RIGHT(I36,7) -> 4880197 | L36: =RIGHT(K36,6) -> 880197
A37: 36 | B37: 43201.96 | C37: Остапчук | D37: Константин | E37: Андреевич | F37: Ришельевский лицей | G37: 7 | H37: Sofolga@yahoo.com | I37: 505130125 | J37: Viber | K37: =RIGHT(I37,7) -> 5130125 | L37: =RIGHT(K37,6) -> 130125
A38: 37 | B38: 43202.325 | C38: Чачко | D38: Натан | E38: Леонидович | F38: УВК Хабад | G38: 9 | H38: neylyn951@gmail.com | I38: 509792811 | J38: Telegram | K38: =RIGHT(I38,7) -> 9792811 | L38: =RIGHT(K38,6) -> 792811
A39: 38 | B39: 43202.397 | C39: Хмелевский | D39: Никита | E39: Олегович | F39: Ришельевский лицей | G39: 7 | H39: luba_od@rambler.ru | I39: +380674861520 | J39: e-mail | K39: =RIGHT(I39,7) -> 4861520 | L39: =RIGHT(K39,6) -> 861520
A40: 39 | B40: 43202.423 | C40: Примикирио | D40: Дина | E40: Витальевна | F40: 117 | G40: 10 | H40: d.v.primikirio@gmail.com | I40: 666187270 | J40: Телефон | K40: =RIGHT(I40,7) -> 6187270 | L40: =RIGHT(K40,6) -> 187270
A41: 40 | B41: 43202.609 | C41: Костина | D41: Лариса | E41: Павловна | F41: 30 | G41: 10 | H41: kostina_larisaa@icloud.com | I41: +380681228716 | J41: Телефон | K41: =RIGHT(I41,7) -> 1228716 | L41: =RIGHT(K41,6) -> 228716
A42: 41 | B42: 43202.779 | C42: Прокоп | D42: Артём | E42: Сергеевич | F42: Ришельевский лицей | G42: 8 | H42: artem13.prokop@gmail.com | I42: +380949494201 | J42: Telegram | K42: =RIGHT(I42,7) -> 9494201 | L42: =RIGHT(K42,6) -> 494201
A43: 42 | B43: 43202.798 | C43: Гриб | D43: Дарья | E43: Сергеевна | F43: Ришельевский лицей | G43: 8 | H43: Grib.natasha@gmail.com | I43: 671180518 | J43: Viber | K43: =RIGHT(I43,7) -> 1180518 | L43: =RIGHT(K43,6) -> 180518
A44: 43 | B44: 43203.977 | C44: Чуб | D44: Максим | E44: Андреевич | F44: Ришельевский лицей | G44: 7 | H44: Chubalbina@onu.edu.ua | I44: 507164943 | J44: Viber | K44: =RIGHT(I44,7) -> 7164943 | L44: =RIGHT(K44,6) -> 164943
A45: 44 | B45: 43204.07 | C45: Шахов | D45: Владислав | E45: Витальевич | F45: РЛ | G45: 7 | H45: Innven@gmail.com | I45: 674858966 | J45: Viber | K45: =RIGHT(I45,7) -> 4858966 | L45: =RIGHT(K45,6) -> 858966
A46: 45 | B46: 43204.495 | C46: Бердникова | D46: София | E46: Евгеньевна | F46: Ришельевский лицей | G46: 7 | H46: berenikova_se@ukr.net | I46: +380667375097 | J46: Viber | K46: =RIGHT(I46,7) -> 7375097 | L46: =RIGHT(K46,6) -> 375097
A47: 46 | B47: 43205.589 | C47: Максименко | D47: Николай | E47: Сергеевич | F47: Ришельевский лицей | G47: 7 | H47: Nick.Maksimenko2004@gmail.com | I47: 509763553 | J47: Viber | K47: =RIGHT(I47,7) -> 9763553 | L47: =RIGHT(K47,6) -> 763553
A48: 47 | B48: 43205.774 | C48: Лях | D48: Влад | E48: Дмитриевич | F48: Ришельевский лицей | G48: 7 | H48: vladysha1000@ramler.ru | I48: +(380)93-72-32-702 | J48: Viber | K48: =RIGHT(I48,7) -> -32-702 | L48: =RIGHT(K48,6) -> 32-702
A49: 48 | B49: 43205.817 | C49: Флоря | D49: Максим | E49: Геннадиевич | F49: Измаильский политехнический лицей | G49: 8 | H49: tatyana_florya@ukr.net | I49: 980865611 | J49: Телефон | K49: =RIGHT(I49,7) -> 0865611 | L49: =RIGHT(K49,6) -> 865611
A50: 49 | B50: 43206.457 | C50: Гуренко | D50: Анастасия | E50: Константиновна | F50: Ришельевский лицей | G50: 7 | H50: snowown@ukr.net | I50: 050-561-13-05 | J50: Телефон | K50: =RIGHT(I50,7) -> 1-13-05 | L50: =RIGHT(K50,6) -> -13-05
A51: 50 | B51: 43206.512 | C51: Комыш | D51: Богдан | E51: Юрьевич | F51: Хлебодарское | G51: 7 | H51: yulia_greshko@ukr.net | I51: +380979756732 | J51: Телефон | K51: =RIGHT(I51,7) -> 9756732 | L51: =RIGHT(K51,6) -> 756732
A52: 51 | B52: 43206.959 | C52: Хромов | D52: Евгений | E52: Александрович | F52: Ришельевский лицей | G52: 8 | H52: ii.poddub@gmail.com | I52: 949964190 | J52: e-mail | K52: =RIGHT(I52,7) -> 9964190 | L52: =RIGHT(K52,6) -> 964190
A53: 52 | B53: 43207.386 | C53: Михальский | D53: Александр | E53: Сергеевич | F53: #2 | G53: 7 | H53: Allie85 @ukr.net | I53: 678800416 | J53: Viber | K53: =RIGHT(I53,7) -> 8800416 | L53: =RIGHT(K53,6) -> 800416
A54: 53 | B54: 43207.532 | C54: Мартын | D54: Екатерина | E54: Сергеевна | F54: Гимназия №8 | G54: 7 | H54: biglbis@gmail.com | I54: 503956665 | J54: Viber | K54: =RIGHT(I54,7) -> 3956665 | L54: =RIGHT(K54,6) -> 956665
A55: 54 | B55: 43207.853 | C55: Григорашенко | D55: Катерина | E55: Витальевна | F55: Одесская Мариинская гимназия | G55: 7 | H55: natgrig1331@gmail.com | I55: +380674894869 | J55: Телефон | K55: =RIGHT(I55,7) -> 4894869 | L55: =RIGHT(K55,6) -> 894869
A56: 55 | B56: 43208.286 | C56: Мясниченко | D56: Глеб | E56: Денисович | F56: Ришельевский лицей | G56: 8 | H56: veronika.myasnychenko@gmail.com | I56: 050-648-2-648 | J56: Телефон | K56: =RIGHT(I56,7) -> 8-2-648 | L56: =RIGHT(K56,6) -> -2-648
A57: 56 | B57: 43208.62 | C57: Фудор | D57: Костя | E57: Станиславович | F57: Ришельевский лицей | G57: 8 | H57: olya.mio7@gmail.com | I57: 631835410 | J57: Viber | K57: =RIGHT(I57,7) -> 1835410 | L57: =RIGHT(K57,6) -> 835410
A58: 57 | B58: 43208.728 | C58: Аврахова | D58: Екатерина | E58: Андреевна | F58: Анстренг | G58: 7 | H58: Freeresident@bigmir.net | I58: 949480565 | J58: Телефон | K58: =RIGHT(I58,7) -> 9480565 | L58: =RIGHT(K58,6) -> 480565
A59: 58 | B59: 43209.416 | C59: Дидченко | D59: София | E59: Геннадиевна | F59: гимназия 7 | G59: 7 | H59: ostrozhanka@gmail.com | I59: 380680473797 | J59: Телефон | K59: =RIGHT(I59,7) -> 0473797 | L59: =RIGHT(K59,6) -> 473797
A60: 59 | B60: 43211.449 | C60: Петин | D60: Михаил | E60: Александрович | F60: Ришельевский лицей | G60: 7 | H60: coreldiz@gmail.com | I60: 672691606 | J60: e-mail | K60: =RIGHT(I60,7) -> 2691606 | L60: =RIGHT(K60,6) -> 691606
A61: 60 | B61: 43211.732 | C61: Горбулінський | D61: Дмитро | E61: Олексійович | F61: Рішельєвський ліцей | G61: 7 | H61: gorbulinskiy.d@gmail.com | I61: 967884919 | J61: Viber | K61: =RIGHT(I61,7) -> 7884919 | L61: =RIGHT(K61,6) -> 884919
A62: 61 | B62: 43211.905 | C62: Федосеев | D62: Константин | E62: Денисович | F62: Ришельевский лицей | G62: 9 | H62: fedoseiev.konstantin@rl.odessa.ua | I62: 967265893 | J62: Viber | K62: =RIGHT(I62,7) -> 7265893 | L62: =RIGHT(K62,6) -> 265893
A63: 62 | B63: 43212.471 | C63: Тихончук | D63: Максим | E63: Русланович | F63: Ришельевской Лицей | G63: 8 | H63: tihonchuk777@gmail.com | I63: 050-360-37-97 | J63: e-mail | K63: =RIGHT(I63,7) -> 0-37-97 | L63: =RIGHT(K63,6) -> -37-97
A64: 63 | B64: 43213.627 | C64: Чигидина | D64: Марина | E64: Викторовна | F64: 5 гимназия | G64: 7 | H64: chigidinamari@gmail.com | I64: 937741071 | J64: Viber | K64: =RIGHT(I64,7) -> 7741071 | L64: =RIGHT(K64,6) -> 741071
A65: 64 | B65: 43213.755 | C65: Новикова | D65: Емилия | E65: Валерьевна | F65: Гимназия 1 | G65: 7 | H65: mn4862743@gmail.com | I65: 674862743 | J65: Viber | K65: =RIGHT(I65,7) -> 4862743 | L65: =RIGHT(K65,6) -> 862743
A66: 65 | B66: 43213.952 | C66: Яворская | D66: Анна | E66: Борисовна | F66: Ришельевский лицей | G66: 7 | H66: al.umanov@gmail.com | I66: 972839081 | J66: e-mail | K66: =RIGHT(I66,7) -> 2839081 | L66: =RIGHT(K66,6) -> 839081
A67: 66 | B67: 43214.654 | C67: Герасимчук | D67: Татьяна | E67: Викторовна | F67: Ришельевской лицей | G67: 8 | H67: fhi.snab@gmail.com | I67: 674810370 | J67: Viber | K67: =RIGHT(I67,7) -> 4810370 | L67: =RIGHT(K67,6) -> 810370
A68: 67 | B68: 43214.836 | C68: Костинюк | D68: Наташа | E68: Константиновна | F68: ОУВК90 | G68: 8 | H68: Jebrik@ua.fm | I68: 631228090 | J68: Телефон | K68: =RIGHT(I68,7) -> 1228090 | L68: =RIGHT(K68,6) -> 228090
A69: 68 | B69: 43214.836 | C69: Костинюк | D69: Наташа | E69: Константиновна | F69: ОУВК90 | G69: 8 | H69: Jebrik@ua.fm | I69: 631228090 | J69: Телефон | K69: =RIGHT(I69,7) -> 1228090 | L69: =RIGHT(K69,6) -> 228090
A70: 69 | B70: 43214.838 | C70: Костинюк | D70: Наталья | E70: Константиновна | F70: ОУВК90 | G70: 8 | H70: Jebrik@ua.fm | I70: +380631228090 | J70: Телефон | K70: =RIGHT(I70,7) -> 1228090 | L70: =RIGHT(K70,6) -> 228090
A71: 70 | B71: 43214.849 | C71: Заганич | D71: Константин | E71: Владимирович | F71: Ришельевский лицей | G71: 8 | H71: kostazaganich209@gmail.com | I71: 969131074 | J71: Telegram | K71: =RIGHT(I71,7) -> 9131074 | L71: =RIGHT(K71,6) -> 131074
A72: 71 | B72: 43215.014 | C72: Никитенко | D72: Артур | E72: Алексеевич | F72: Ришельевский лицей | G72: 7 | H72: govtan@rambler.ru | I72: 502353219 | J72: Телефон | K72: =RIGHT(I72,7) -> 2353219 | L72: =RIGHT(K72,6) -> 353219
A73: 72 | B73: 43215.017 | C73: Костинюк | D73: Наталья | E73: Константиновна | F73: ОУВК90 | G73: 8 | H73: Jebrik@ua.fm | I73: +380631228090 | J73: Телефон | K73: =RIGHT(I73,7) -> 1228090 | L73: =RIGHT(K73,6) -> 228090
A74: 73 | B74: 43215.896 | C74: Нафтулович | D74: Максим | E74: Михайлович | F74: Ришельевский лицей | G74: 7 | H74: MaksimMaksimka@gmail.com | I74: +380678897706 | J74: Telegram | K74: =RIGHT(I74,7) -> 8897706 | L74: =RIGHT(K74,6) -> 897706
A75: 74 | B75: 43216.867 | C75: Нафтулович | D75: Константин | E75: Михайлович | F75: Ришельевский лицей | G75: 7 | H75: konstantin.nm.trr@gmail.com | I75: +380976512497 | J75: Telegram | K75: =RIGHT(I75,7) -> 6512497 | L75: =RIGHT(K75,6) -> 512497
A76: 75 | B76: 43217.383 | C76: Шмаленко | D76: Влада | E76: Радионовна | F76: ООШ 31 | G76: 10 | H76: radionmullagaliev@gmail.com | I76: +380669643483 | J76: Telegram | K76: =RIGHT(I76,7) -> 9643483 | L76: =RIGHT(K76,6) -> 643483
A77: 76 | B77: 43217.507 | C77: Цветок | D77: Екатерина | E77: Александровна | F77: 117 | G77: 7 | H77: katerilika111@gmail.com | I77: 969790701 | J77: Телефон | K77: =RIGHT(I77,7) -> 9790701 | L77: =RIGHT(K77,6) -> 790701
A78: 77 | B78: 43217.736 | C78: Раділов | D78: Олексій | E78: Іванович | F78: Рішельєвський ліцей | G78: 8 | H78: mradilova1978@gmail.com | I78: 972280502 | J78: Viber | K78: =RIGHT(I78,7) -> 2280502 | L78: =RIGHT(K78,6) -> 280502
A79: 78 | B79: 43219.654 | C79: Казарян | D79: Лаура | E79: Артуровна | F79: 89 | G79: 10 | H79: laurakazaryan77@gmail.com | I79: 973751882 | J79: Телефон | K79: =RIGHT(I79,7) -> 3751882 | L79: =RIGHT(K79,6) -> 751882
A80: 79 | B80: 43219.668 | C80: Хадри | D80: Дана | E80: Бушр | F80: ОООШ № 89 | G80: 10 | H80: dhadri2@gmail.com | I80: +380630494590 | J80: e-mail | K80: =RIGHT(I80,7) -> 0494590 | L80: =RIGHT(K80,6) -> 494590
A81: 80 | B81: 43219.928 | C81: Хадри | D81: Дана | E81: Бушр | F81: ОООШ № 89 | G81: 10 | H81: dhadri2@gmail.com | I81: +380630494590 | J81: e-mail | K81: =RIGHT(I81,7) -> 0494590 | L81: =RIGHT(K81,6) -> 494590
A82: 81 | B82: 43219.967 | C82: Хадри | D82: Дана | E82: Бушр | F82: ОООШ № 89 | G82: 10 | H82: dhadri2@gmail.com | I82: +380630494590 | J82: e-mail | K82: =RIGHT(I82,7) -> 0494590 | L82: =RIGHT(K82,6) -> 494590
A83: 82 | B83: 43220.412 | C83: Прокоп | D83: Артём | E83: Сергеевич | F83: Ришельевский лицей | G83: 8 | H83: artem13.prokop@gmail.com | I83: +380949494201 | J83: e-mail | K83: =RIGHT(I83,7) -> 9494201 | L83: =RIGHT(K83,6) -> 494201
A84: 83 | B84: 43220.784 | C84: Харченко | D84: Герман | E84: Вадимович | F84: Ришельевский лицей | G84: 8 | H84: German123ps4@gmail.com | I84: +380504154059 | J84: Телефон | K84: =RIGHT(I84,7) -> 4154059 | L84: =RIGHT(K84,6) -> 154059
A85: 84 | B85: 43220.819 | C85: Харламов-Школяренко | D85: Александр | E85: Анатольевич | F85: Ришельевский лицей | G85: 7 | H85: sashakharlamov2004@gmail.com | I85: 672710230 | J85: Телефон | K85: =RIGHT(I85,7) -> 2710230 | L85: =RIGHT(K85,6) -> 710230
A86: 85 | B86: 43220.895 | C86: Сулима | D86: Александр | E86: Валентинович | F86: Ришельевский лицей | G86: 7 | H86: m_sulima@ukr.net | I86: 503160577 | J86: e-mail | K86: =RIGHT(I86,7) -> 3160577 | L86: =RIGHT(K86,6) -> 160577
A87: 86 | B87: 43220.909 | C87: Македонская | D87: Влада | E87: Александровна | F87: Одесская гимназия 5 | G87: 7 | H87: vladamakedonska@gmail.com | I87: 504902410 | J87: e-mail | K87: =RIGHT(I87,7) -> 4902410 | L87: =RIGHT(K87,6) -> 902410
A88: 87 | B88: 43221.685 | C88: Котенёв | D88: Егор | E88: Андреевич | F88: Ришельевский лицей | G88: 8 | H88: profesegor@gmail.com | I88: 966381157 | J88: Viber | K88: =RIGHT(I88,7) -> 6381157 | L88: =RIGHT(K88,6) -> 381157
A89: 88 | B89: 43221.706 | C89: Щур | D89: Александр | E89: Вячеславович | F89: Ришельевский лицей | G89: 8 | H89: breysvera@gmail.com | I89: 674850341 | J89: Viber | K89: =RIGHT(I89,7) -> 4850341 | L89: =RIGHT(K89,6) -> 850341
A90: 89 | B90: 43222.639 | C90: Жажин | D90: Даниил | E90: Алексеевич | F90: 46 | G90: 7 | H90: plamenuy@gmail.com | I90: +380501461917 | J90: Viber | K90: =RIGHT(I90,7) -> 1461917 | L90: =RIGHT(K90,6) -> 461917
A91: 90 | B91: 43222.639 | C91: Жажин | D91: Даниил | E91: Алексеевич | F91: 46 | G91: 7 | H91: plamenuy@gmail.com | I91: +380501461917 | J91: Viber | K91: =RIGHT(I91,7) -> 1461917 | L91: =RIGHT(K91,6) -> 461917
A92: 91 | B92: 43223.046 | C92: Мармалюк | D92: Олександр | E92: Валерійович | F92: гімназія 8 | G92: 8 | H92: alexastonmartin2014@gmail.com | I92: 666516640 | J92: Телефон | K92: =RIGHT(I92,7) -> 6516640 | L92: =RIGHT(K92,6) -> 516640
A93: 92 | B93: 43223.437 | C93: Балабан | D93: Александр | E93: Николаевич | F93: Одесская ООШ №46 | G93: 7 | H93: olga.balaban09@gmail.com | I93: +380505075418 | J93: Телефон | K93: =RIGHT(I93,7) -> 5075418 | L93: =RIGHT(K93,6) -> 075418
A94: 93 | B94: 43225.466 | C94: Кича | D94: Владимир | E94: Алексеевич | F94: ОНВК 49 | G94: 7 | H94: kosmolenka@gmail.com | I94: 935299201 | J94: Viber | K94: =RIGHT(I94,7) -> 5299201 | L94: =RIGHT(K94,6) -> 299201
A95: 94 | B95: 43225.905 | C95: Яроцкая | D95: Дарья | E95: Сергеевна | F95: 46 | G95: 7 | H95: daryariya@ukr.net | I95: +380680023504 | J95: Телефон | K95: =RIGHT(I95,7) -> 0023504 | L95: =RIGHT(K95,6) -> 023504
A96: 95 | B96: 43226.885 | C96: Романцова | D96: Екатерина | E96: Юрьевна | F96: ОООШ 20 | G96: 10 | H96: kate.kot24@gmail.com | I96: +380958541298 | J96: e-mail | K96: =RIGHT(I96,7) -> 8541298 | L96: =RIGHT(K96,6) -> 541298
A97: 96 | B97: 43228.786 | C97: Арсеньев | D97: Максим | E97: Миколайович | F97: 22 | G97: 8 | H97: Woorldofmaks@gmail.com | I97: 380676099308 | J97: Телефон | K97: =RIGHT(I97,7) -> 6099308 | L97: =RIGHT(K97,6) -> 099308
A98: 97 | B98: 43229.628 | C98: Шиндер | D98: Михаил | E98: Ильич | F98: 40 | G98: 7 | H98: rizhanka@ukr.net | I98: 672713602 | J98: Телефон | K98: =RIGHT(I98,7) -> 2713602 | L98: =RIGHT(K98,6) -> 713602
A99: 98 | B99: 43230.619 | C99: Мартын | D99: Екатерина | E99: Сергеевна | F99: Гимназия №8 | G99: 7 | H99: biglbis@gmail.com | I99: 503956665 | J99: Телефон | K99: =RIGHT(I99,7) -> 3956665 | L99: =RIGHT(K99,6) -> 956665
A100: 99 | B100: 43230.762 | C100: Хоробрых | D100: Нина | E100: Евгениевна | F100: ООШ №5 | G100: 10 | H100: ni2002na@gmail.com | I100: +380965001790 | J100: Telegram | K100: =RIGHT(I100,7) -> 5001790 | L100: =RIGHT(K100,6) -> 001790
...
