Workbook

Sheet Аркуш1
A1: 1 | B1: =1/A1 -> 1 | C1: 1 | D1: =$C$1/A1 -> 1
A2: 2 | B2: =1/A2 -> 0.5 | D2: =$C$1/A2 -> 0.5
A3: 3 | B3: =1/A3 -> 0.33333333 | D3: =$C$1/A3 -> 0.33333333
A4: 4 | B4: =1/A4 -> 0.25 | D4: =$C$1/A4 -> 0.25
A5: 5 | B5: =1/A5 -> 0.2 | D5: =$C$1/A5 -> 0.2
A6: 6 | B6: =1/A6 -> 0.16666667 | D6: =$C$1/A6 -> 0.16666667
A7: 7 | B7: =1/A7 -> 0.14285714 | D7: =$C$1/A7 -> 0.14285714
A8: 8 | B8: =1/A8 -> 0.125 | D8: =$C$1/A8 -> 0.125
A9: 9 | B9: =1/A9 -> 0.11111111 | D9: =$C$1/A9 -> 0.11111111
A10: 10 | B10: =1/A10 -> 0.1 | D10: =$C$1/A10 -> 0.1
A11: 11 | B11: =1/A11 -> 0.090909091 | D11: =$C$1/A11 -> 0.090909091
A12: 12 | B12: =1/A12 -> 0.083333333 | D12: =$C$1/A12 -> 0.083333333
A13: 13 | B13: =1/A13 -> 0.076923077 | D13: =$C$1/A13 -> 0.076923077
... A20: 20 | B20: =1/A20 -> 0.05 | D20: =$C$1/A20 -> 0.05

Sheet Аркуш2
A1: Прізвище | B1: Утримання | G1: Сума до видачі
B2: Оклад | C2: Аванс | D2: Податок на прибуток | E2: Пенсійний податок | F2: Профспілковий внесок
A3: Бендер | B3: 8000 | C3: =B3*0.4 -> 3200 | D3: =B3*0.13 -> 1040 | E3: =B3*0.02 -> 160 | F3: =B3*0.01 -> 80 | G3: =B3-C3-D3-E3-F3 -> 3520

Sheet Аркуш3
A1: Вкладена сума | B1: 5000
A2: 1 місяць | B2: =B1+B1*0.012 -> 5060
A3: 2 місяць | B3: =B2+B2*0.012 -> 5120.72
A4: 3 місяць | B4: =B3+B3*0.012 -> 5182.1686
A5: 4 місяць | B5: =B4+B4*0.012 -> 5244.3547
A6: 5 місяць | B6: =B5+B5*0.012 -> 5307.2869
A7: 6 місяць | B7: =B6+B6*0.012 -> 5370.9744
A8: 7 місяць | B8: =B7+B7*0.012 -> 5435.4261
A9: 8 місяць | B9: =B8+B8*0.012 -> 5500.6512
A10: 9 місяць | B10: =B9+B9*0.012 -> 5566.659
A11: 10 місяць | B11: =B10+B10*0.012 -> 5633.4589
A12: 11 місяць | B12: =B11+B11*0.012 -> 5701.0604
A13: 12 місяць | B13: =B12+B12*0.012 -> 5769.4731
A14: Остаточна сума | B14: =$B$12+$B$12*0.012 -> 5769.4731

Sheet Аркуш4
A1: Прізвище | B1: Зріст | C1: Чи попадає у команду ?
A2: Бендер | B2: 173 | C2: =IF(B2>180,"так","ні") -> ні
A3: Петров | B3: 165 | C3: =IF(B3>180,"так","ні") -> ні
A4: Іванов | B4: 187 | C4: =IF(B4>180,"так","ні") -> так

Sheet Аркуш5
A1: Прізвище | B1: Кількість зроблених деталей, шт | C1: З них зіпсованих | D1: Рекомендації
A2: Севідж | B2: 85 | C2: 50 | D2: =IFS(C2/B2>0.5,"Звільнити",AND(C2/B2<0.5,C2/B2>0.05),"Попередити",C2/B2<0.05,"Похвалити") -> Звільнити
A3: Ханнеман | B3: 70 | C3: 20 | D3: =IFS(C3/B3>0.5,"Звільнити",AND(C3/B3<0.5,C3/B3>0.05),"Попередити",C3/B3<0.05,"Похвалити") -> Попередити
A4: Імахарам | B4: 48 | C4: 2 | D4: =IFS(C4/B4>0.5,"Звільнити",AND(C4/B4<0.5,C4/B4>0.05),"Попередити",C4/B4<0.05,"Похвалити") -> Похвалити
A5: Беллечі | B5: 90 | C5: 10 | D5: =IFS(C5/B5>0.5,"Звільнити",AND(C5/B5<0.5,C5/B5>0.05),"Попередити",C5/B5<0.05,"Похвалити") -> Попередити

Sheet Аркуш6
A1: Марка авто | B1: Продавець | C1: Сума угоди
A2: Ford | B2: Бендер | C2: 10000
A3: Opel | B3: Бендер | C3: 80000
A4: Ford | B4: Паніковський | C4: 9000
A5: Ford | B5: Паніковський | C5: 15000
A6: Запорожець | B6: Паніковський | C6: 3000
A7: Ford | B7: Бендер | C7: 15000
A8: Opel | B8: Бендер | C8: 12000
A9: Запорожець | B9: Паніковський | C9: 4000
A10: Ford | B10: Бендер | C10: 20000
A12: Продано опелей на суму | C12: =SUMIF(A2:A10,"Opel",C2:C10) -> 92000
A13: Продано фордів на суму | C13: =SUMIF(A2:A10,"Ford",C2:C10) -> 69000

Sheet Аркуш7
B2: Довідник цін
A4: 1 | B4: Опалення за 1 кв. м | C4: 31.62
A5: 2 | B5: Холодна вода на 1 людину | C5: 14.12
A6: 3 | B6: Гаряча вода на 1 людину | C6: 77.18
A7: 4 | B7: Електроенергія на 1 кВат | C7: 0.714 | D7: До 100 кВат
C8: 1.29 | D8: Від 100 до 600 к Ват
C9: 1.638 | D9: Більше 600 кВат
A10: 5 | B10: Газ на 1 людитну | C10: 48.84
A11: 6 | B11: Квартплата за 1 кв.м. | C11: 1.36
A14: № п/п | B14: Метраж | C14: Кількість прописаних | D14: Показник лічильника, к Вт | E14: Сума
A15: 1 | B15: 78 | C15: 3 | D15: 200 | E15: =($C$5+$C$6+$C$10)*C15+($C$11+$C$4)*B15+IFS(D15<=100,$C$7*D15,AND(D15>100,D15<600),$C$8*D15,D15>=600,D15*$C$9) -> 3250.86
A16: 2 | B16: 60 | C16: 5 | D16: 120 | E16: =($C$5+$C$6+$C$10)*C16+($C$11+$C$4)*B16+IFS(D16<=100,$C$7*D16,AND(D16>100,D16<600),$C$8*D16,D16>=600,D16*$C$9) -> 2834.3
A17: 3 | B17: 23 | C17: 1 | D17: 100 | E17: =($C$5+$C$6+$C$10)*C17+($C$11+$C$4)*B17+IFS(D17<=100,$C$7*D17,AND(D17>100,D17<600),$C$8*D17,D17>=600,D17*$C$9) -> 970.08
A18: 4 | B18: 78 | C18: 7 | D18: 267 | E18: =($C$5+$C$6+$C$10)*C18+($C$11+$C$4)*B18+IFS(D18<=100,$C$7*D18,AND(D18>100,D18<600),$C$8*D18,D18>=600,D18*$C$9) -> 3897.85
A19: 5 | B19: 12 | C19: 1 | D19: 130 | E19: =($C$5+$C$6+$C$10)*C19+($C$11+$C$4)*B19+IFS(D19<=100,$C$7*D19,AND(D19>100,D19<600),$C$8*D19,D19>=600,D19*$C$9) -> 703.6
A20: 6 | B20: 18 | C20: 1 | D20: 129 | E20: =($C$5+$C$6+$C$10)*C20+($C$11+$C$4)*B20+IFS(D20<=100,$C$7*D20,AND(D20>100,D20<600),$C$8*D20,D20>=600,D20*$C$9) -> 900.19
A21: 7 | B21: 45 | C21: 2 | D21: 167 | E21: =($C$5+$C$6+$C$10)*C21+($C$11+$C$4)*B21+IFS(D21<=100,$C$7*D21,AND(D21>100,D21<600),$C$8*D21,D21>=600,D21*$C$9) -> 1979.81
A22: 8 | B22: 26 | C22: 2 | D22: 189 | E22: =($C$5+$C$6+$C$10)*C22+($C$11+$C$4)*B22+IFS(D22<=100,$C$7*D22,AND(D22>100,D22<600),$C$8*D22,D22>=600,D22*$C$9) -> 1381.57
A23: 9 | B23: 30 | C23: 3 | D23: 345 | E23: =($C$5+$C$6+$C$10)*C23+($C$11+$C$4)*B23+IFS(D23<=100,$C$7*D23,AND(D23>100,D23<600),$C$8*D23,D23>=600,D23*$C$9) -> 1854.87
D25: Загалом | E25: =SUM(E15:E23) -> 17773.13

Sheet Аркуш8
A1: № п/п | B1: Метраж | C1: Кількість прописаних | D1: Показник лічильника, к Вт | E1: Сума
A2: 1 | B2: 78 | C2: 3 | D2: 200 | E2: =('Аркуш7'!$C$5+'Аркуш7'!$C$6+'Аркуш7'!$C$10)*C2+('Аркуш7'!$C$11+'Аркуш7'!$C$4)*B2+IFS(D2<=100,'Аркуш7'!$C$7*D2,AND(D2>100,D2<600),'Аркуш7'!$C$8*D2,D2>=600,D2*'Аркуш7'!$C$9) -> 3250.86
A3: 2 | B3: 60 | C3: 5 | D3: 120 | E3: =('Аркуш7'!$C$5+'Аркуш7'!$C$6+'Аркуш7'!$C$10)*C3+('Аркуш7'!$C$11+'Аркуш7'!$C$4)*B3+IFS(D3<=100,'Аркуш7'!$C$7*D3,AND(D3>100,D3<600),'Аркуш7'!$C$8*D3,D3>=600,D3*'Аркуш7'!$C$9) -> 2834.3
A4: 3 | B4: 23 | C4: 1 | D4: 100 | E4: =('Аркуш7'!$C$5+'Аркуш7'!$C$6+'Аркуш7'!$C$10)*C4+('Аркуш7'!$C$11+'Аркуш7'!$C$4)*B4+IFS(D4<=100,'Аркуш7'!$C$7*D4,And(D4>100,D4<600),'Аркуш7'!$C$8*D4,D4>=600,D4*'Аркуш7'!$C$9) -> 970.08
A5: 4 | B5: 78 | C5: 7 | D5: 267 | E5: =('Аркуш7'!$C$5+'Аркуш7'!$C$6+'Аркуш7'!$C$10)*C5+('Аркуш7'!$C$11+'Аркуш7'!$C$4)*B5+IFS(D5<=100,'Аркуш7'!$C$7*D5,AND(D5>100,D5<600),'Аркуш7'!$C$8*D5,D5>=600,D5*'Аркуш7'!$C$9) -> 3897.85
A6: 5 | B6: 12 | C6: 1 | D6: 130 | E6: =('Аркуш7'!$C$5+'Аркуш7'!$C$6+'Аркуш7'!$C$10)*C6+('Аркуш7'!$C$11+'Аркуш7'!$C$4)*B6+IFS(D6<=100,'Аркуш7'!$C$7*D6,AND(D6>100,D6<600),'Аркуш7'!$C$8*D6,D6>=600,D6*'Аркуш7'!$C$9) -> 703.6
A7: 6 | B7: 18 | C7: 1 | D7: 129 | E7: =('Аркуш7'!$C$5+'Аркуш7'!$C$6+'Аркуш7'!$C$10)*C7+('Аркуш7'!$C$11+'Аркуш7'!$C$4)*B7+IFS(D7<=100,'Аркуш7'!$C$7*D7,AND(D7>100,D7<600),'Аркуш7'!$C$8*D7,D7>=600,D7*'Аркуш7'!$C$9) -> 900.19
A8: 7 | B8: 45 | C8: 2 | D8: 167 | E8: =('Аркуш7'!$C$5+'Аркуш7'!$C$6+'Аркуш7'!$C$10)*C8+('Аркуш7'!$C$11+'Аркуш7'!$C$4)*B8+IFS(D8<=100,'Аркуш7'!$C$7*D8,AND(D8>100,D8<600),'Аркуш7'!$C$8*D8,D8>=600,D8*'Аркуш7'!$C$9) -> 1979.81
A9: 8 | B9: 26 | C9: 2 | D9: 189 | E9: =('Аркуш7'!$C$5+'Аркуш7'!$C$6+'Аркуш7'!$C$10)*C9+('Аркуш7'!$C$11+'Аркуш7'!$C$4)*B9+IFS(D9<=100,'Аркуш7'!$C$7*D9,AND(D9>100,D9<600),'Аркуш7'!$C$8*D9,D9>=600,D9*'Аркуш7'!$C$9) -> 1381.57 | F9: =E6 -> 703.6
A10: 9 | B10: 30 | C10: 3 | D10: 345 | E10: =('Аркуш7'!$C$5+'Аркуш7'!$C$6+'Аркуш7'!$C$10)*C10+('Аркуш7'!$C$11+'Аркуш7'!$C$4)*B10+IFS(D10<=100,'Аркуш7'!$C$7*D10,AND(D10>100,D10<600),'Аркуш7'!$C$8*D10,D10>=600,D10*'Аркуш7'!$C$9) -> 1854.87
D12: Загалом | E12: =SUM(E2:E10) -> 17773.13
